Method,Iteration,ATTR,AREA,state,FU,REG,MUX,DEC,pin_pair,net,max,min,ave,MISC,MEM,cp_delay,sim,Pmax,Pmin,Pave,Latency,BlockMemoryBit,DSP
BF,1,0,1636,7,587,768,249,0,2750,1310,7,7,7,32,-,2.4076ns,-,-,-,-,45,-,-
BF,1,1,1636,7,587,768,249,0,2750,1310,7,7,7,32,-,2.4076ns,-,-,-,-,45,-,-
BF,1,2,2816,9,1694,774,313,0,4866,2316,9,9,9,35,-,3.0376ns,-,-,-,-,39,-,-
BF,1,3,2816,9,1694,774,313,0,4866,2316,9,9,9,35,-,3.0376ns,-,-,-,-,39,-,-
BF,1,4,5828,13,4487,936,355,0,9874,4689,13,13,13,50,-,3.2109ns,-,-,-,-,35,-,-
BF,1,5,5579,13,4187,834,506,0,9655,4455,13,13,13,52,-,3.291ns,-,-,-,-,35,-,-
BF,1,6,1180,7,593,354,185,0,2187,1056,8,8,8,48,-,2.4076ns,-,-,-,-,38,-,-
BF,1,7,1180,7,593,354,185,0,2187,1056,8,8,8,48,-,2.4076ns,-,-,-,-,38,-,-
BF,1,8,1143,8,593,336,181,0,2126,1027,8,8,8,33,-,2.4076ns,-,-,-,-,47,-,-
BF,1,9,1143,8,593,336,181,0,2126,1027,8,8,8,33,-,2.4076ns,-,-,-,-,47,-,-
BF,1,10,1662,7,583,774,270,0,2828,1339,7,7,7,35,-,2.5382ns,-,-,-,-,37,-,-
BF,1,11,1634,7,583,768,251,0,2758,1308,7,7,7,32,-,2.4076ns,-,-,-,-,37,-,-
BF,1,12,2859,9,1690,780,347,0,4994,2361,9,9,9,42,-,3.1682ns,-,-,-,-,31,-,-
BF,1,13,2833,9,1712,774,312,0,4913,2339,9,9,9,35,-,3.0376ns,-,-,-,-,31,-,-
BF,1,14,5774,12,4488,894,343,0,9779,4634,12,12,12,49,-,3.211ns,-,-,-,-,26,-,-
BF,1,16,1219,7,589,378,201,0,2263,1092,8,8,8,51,-,2.5382ns,-,-,-,-,30,-,-
BF,1,17,1192,7,589,372,183,0,2198,1063,8,8,8,48,-,2.4076ns,-,-,-,-,30,-,-
BF,1,18,1182,8,589,360,197,0,2202,1063,8,8,8,36,-,2.5382ns,-,-,-,-,39,-,-
BF,1,19,1155,8,589,354,179,0,2137,1034,8,8,8,33,-,2.4076ns,-,-,-,-,39,-,-
BF,1,20,1706,7,598,768,295,0,2995,1411,7,7,7,45,-,2.6149ns,-,-,-,-,33,-,-
BF,1,21,1631,7,583,768,248,0,2775,1320,7,7,7,32,-,2.4076ns,-,-,-,-,33,-,-
BF,1,22,2913,9,1699,774,376,0,5191,2447,9,9,9,64,-,3.2449ns,-,-,-,-,27,-,-
BF,1,23,2808,9,1692,774,306,0,4888,2327,9,9,9,36,-,3.0376ns,-,-,-,-,27,-,-
BF,1,24,5654,12,4483,798,327,0,9652,4584,12,12,12,46,-,3.211ns,-,-,-,-,22,-,-
BF,1,26,1235,7,589,366,221,0,2371,1138,8,8,8,59,-,2.6149ns,-,-,-,-,26,-,-
BF,1,27,1184,7,589,366,181,0,2213,1074,8,8,8,48,-,2.4076ns,-,-,-,-,26,-,-
BF,1,28,1198,8,589,348,217,0,2310,1109,8,8,8,44,-,2.6149ns,-,-,-,-,35,-,-
BF,1,29,1147,8,589,348,177,0,2152,1045,8,8,8,33,-,2.4076ns,-,-,-,-,35,-,-
BF,1,30,1690,13,578,774,288,0,2971,1425,13,13,13,50,-,2.4576ns,-,-,-,-,37,-,-
BF,1,31,1690,13,578,774,288,0,2971,1425,13,13,13,50,-,2.4576ns,-,-,-,-,37,-,-
BF,1,32,2852,15,1685,774,338,0,5048,2415,15,15,15,55,-,3.0876ns,-,-,-,-,31,-,-
BF,1,33,2852,15,1685,774,338,0,5048,2415,15,15,15,55,-,3.0876ns,-,-,-,-,31,-,-
BF,1,34,5878,12,4478,984,374,0,9954,4704,12,12,12,42,-,3.2109ns,-,-,-,-,20,-,-
BF,1,35,5665,12,4178,906,533,0,9780,4474,12,12,12,48,-,3.291ns,-,-,-,-,20,-,-
BF,1,37,1220,13,587,360,206,0,2413,1165,14,14,14,67,-,2.4076ns,-,-,-,-,30,-,-
BF,1,38,1187,14,587,342,207,0,2365,1142,14,14,14,51,-,2.4076ns,-,-,-,-,39,-,-
BF,1,39,1187,14,587,342,207,0,2365,1142,14,14,14,51,-,2.4076ns,-,-,-,-,39,-,-
BF,1,40,1882,7,623,756,413,0,3675,1637,7,7,7,90,-,2.6149ns,-,-,-,-,39,-,-
BF,1,41,1632,7,605,756,233,0,2768,1316,7,7,7,38,-,2.4076ns,-,-,-,-,39,-,-
BF,1,42,3123,9,1724,762,522,0,6149,2726,9,9,9,115,-,3.2449ns,-,-,-,-,33,-,-
BF,1,43,2801,9,1708,762,289,0,4854,2312,9,9,9,42,-,3.0376ns,-,-,-,-,33,-,-
BF,1,44,5908,13,4508,852,453,0,10318,4856,13,13,13,95,-,3.211ns,-,-,-,-,29,-,-
BF,1,46,1439,7,614,366,353,0,3110,1385,8,8,8,106,-,2.6149ns,-,-,-,-,32,-,-
BF,1,47,1184,7,605,354,171,0,2204,1065,8,8,8,54,-,2.4076ns,-,-,-,-,32,-,-
BF,1,48,1402,8,614,348,349,0,3049,1356,8,8,8,91,-,2.6149ns,-,-,-,-,41,-,-
BF,1,49,1147,8,605,336,167,0,2143,1036,8,8,8,39,-,2.4076ns,-,-,-,-,41,-,-
BF,1,50,1836,8,601,786,368,0,3487,1578,8,8,8,81,-,2.6149ns,-,-,-,-,34,-,-
BF,1,51,1631,7,601,756,235,0,2777,1316,7,7,7,39,-,2.4076ns,-,-,-,-,31,-,-
BF,1,52,3164,9,1720,768,553,0,6276,2771,9,9,9,123,-,3.2449ns,-,-,-,-,25,-,-
BF,1,53,2792,9,1699,762,288,0,4854,2311,9,9,9,43,-,3.0376ns,-,-,-,-,25,-,-
BF,1,54,5840,9,4504,804,448,0,10198,4781,9,9,9,84,-,3.211ns,-,-,-,-,17,-,-
BF,1,56,1469,7,610,378,371,0,3193,1422,8,8,8,110,-,2.6149ns,-,-,-,-,24,-,-
BF,1,57,1197,7,601,372,169,0,2220,1075,8,8,8,55,-,2.4076ns,-,-,-,-,24,-,-
BF,1,58,1432,8,610,360,367,0,3132,1393,8,8,8,95,-,2.6149ns,-,-,-,-,33,-,-
BF,1,59,1160,8,601,354,165,0,2159,1046,8,8,8,40,-,2.4076ns,-,-,-,-,33,-,-
BF,1,60,1941,7,619,768,450,0,3856,1721,7,7,7,104,-,2.6149ns,-,-,-,-,27,-,-
BF,1,61,1631,7,601,756,234,0,2801,1338,7,7,7,40,-,2.4076ns,-,-,-,-,27,-,-
BF,1,62,3280,9,1720,774,641,0,6621,2919,9,9,9,145,-,3.2449ns,-,-,-,-,21,-,-
BF,1,63,2767,9,1677,762,284,0,4822,2303,9,9,9,44,-,3.0376ns,-,-,-,-,21,-,-
BF,1,64,5728,7,4504,702,441,0,10088,4731,7,7,7,81,-,3.211ns,-,-,-,-,11,-,-
BF,1,66,1492,7,610,378,385,0,3281,1465,8,8,8,119,-,2.6149ns,-,-,-,-,20,-,-
BF,1,67,1187,7,601,366,165,0,2225,1084,8,8,8,55,-,2.4076ns,-,-,-,-,20,-,-
BF,1,68,1460,8,610,360,386,0,3237,1443,8,8,8,104,-,2.6149ns,-,-,-,-,29,-,-
BF,1,69,1155,8,601,348,166,0,2181,1062,8,8,8,40,-,2.4076ns,-,-,-,-,29,-,-
BF,1,70,1934,13,614,762,451,0,3885,1746,13,13,13,107,-,2.6649ns,-,-,-,-,31,-,-
BF,1,71,1684,13,596,762,271,0,2978,1425,13,13,13,55,-,2.4576ns,-,-,-,-,31,-,-
BF,1,72,3165,15,1715,762,554,0,6341,2825,15,15,15,134,-,3.2949ns,-,-,-,-,25,-,-
BF,1,73,2843,15,1699,762,321,0,5046,2411,15,15,15,61,-,3.0876ns,-,-,-,-,25,-,-
BF,1,74,5898,12,4499,852,456,0,10303,4828,12,12,12,91,-,3.2109ns,-,-,-,-,14,-,-
BF,1,76,1497,13,605,396,373,0,3329,1510,14,14,14,123,-,2.6149ns,-,-,-,-,24,-,-
BF,1,77,1215,13,596,360,186,0,2396,1161,14,14,14,73,-,2.4076ns,-,-,-,-,24,-,-
BF,1,78,1458,14,605,378,367,0,3266,1480,14,14,14,108,-,2.6149ns,-,-,-,-,33,-,-
BF,1,79,1181,14,596,342,185,0,2350,1138,14,14,14,58,-,2.4076ns,-,-,-,-,33,-,-
BF,1,80,1116,14,587,342,157,0,2138,1041,14,14,14,30,-,2.4076ns,-,-,-,-,44,-,-
BF,1,81,1116,14,587,342,157,0,2138,1041,14,14,14,30,-,2.4076ns,-,-,-,-,44,-,-
BF,1,82,2448,16,1688,534,191,0,4334,2108,16,16,16,35,-,3.0376ns,-,-,-,-,38,-,-
BF,1,83,2448,16,1688,534,191,0,4334,2108,16,16,16,35,-,3.0376ns,-,-,-,-,38,-,-
BF,1,84,5708,20,4472,942,245,0,9716,4684,20,20,20,49,-,3.2109ns,-,-,-,-,34,-,-
BF,1,85,5005,20,3770,816,365,0,8725,4092,20,20,20,54,-,3.291ns,-,-,-,-,34,-,-
BF,1,86,1155,14,587,360,162,0,2198,1070,15,15,15,46,-,2.4076ns,-,-,-,-,37,-,-
BF,1,87,1155,14,587,360,162,0,2198,1070,15,15,15,46,-,2.4076ns,-,-,-,-,37,-,-
BF,1,88,1117,15,587,342,157,0,2137,1042,15,15,15,31,-,2.4076ns,-,-,-,-,46,-,-
BF,1,89,1117,15,587,342,157,0,2137,1042,15,15,15,31,-,2.4076ns,-,-,-,-,46,-,-
BF,1,90,1161,14,583,366,178,0,2237,1090,14,14,14,34,-,2.5382ns,-,-,-,-,36,-,-
BF,1,91,1133,14,583,360,159,0,2167,1059,14,14,14,31,-,2.4076ns,-,-,-,-,36,-,-
BF,1,92,2478,16,1684,540,210,0,4399,2131,16,16,16,44,-,3.1682ns,-,-,-,-,30,-,-
BF,1,93,2468,16,1706,534,191,0,4383,2134,16,16,16,37,-,3.0376ns,-,-,-,-,30,-,-
BF,1,94,5656,19,4473,900,235,0,9618,4631,19,19,19,48,-,3.211ns,-,-,-,-,25,-,-
BF,1,96,1194,14,583,384,177,0,2278,1112,15,15,15,50,-,2.5382ns,-,-,-,-,29,-,-
BF,1,97,1167,14,583,378,159,0,2213,1083,15,15,15,47,-,2.4076ns,-,-,-,-,29,-,-
BF,1,98,1161,15,583,366,177,0,2231,1089,15,15,15,35,-,2.5382ns,-,-,-,-,38,-,-
BF,1,99,1134,15,583,360,159,0,2166,1060,15,15,15,32,-,2.4076ns,-,-,-,-,38,-,-
BF,1,100,1174,14,583,354,194,0,2327,1129,14,14,14,43,-,2.6149ns,-,-,-,-,32,-,-
BF,1,101,1125,14,583,354,158,0,2180,1071,14,14,14,30,-,2.4076ns,-,-,-,-,32,-,-
BF,1,102,2526,16,1684,546,232,0,4565,2216,16,16,16,64,-,3.2449ns,-,-,-,-,26,-,-
BF,1,103,2455,16,1686,546,187,0,4375,2141,16,16,16,36,-,3.0376ns,-,-,-,-,26,-,-
BF,1,104,5511,19,4468,804,194,0,9376,4537,19,19,19,45,-,3.211ns,-,-,-,-,21,-,-
BF,1,106,1208,14,583,372,194,0,2370,1151,15,15,15,59,-,2.6149ns,-,-,-,-,25,-,-
BF,1,107,1159,14,583,372,158,0,2228,1095,15,15,15,46,-,2.4076ns,-,-,-,-,25,-,-
BF,1,108,1175,15,583,354,194,0,2326,1130,15,15,15,44,-,2.6149ns,-,-,-,-,34,-,-
BF,1,109,1126,15,583,354,158,0,2179,1072,15,15,15,31,-,2.4076ns,-,-,-,-,34,-,-
BF,1,110,1111,12,578,342,158,0,2109,1004,12,12,12,33,-,2.4076ns,-,-,-,-,28,-,-
BF,1,111,1111,12,578,342,158,0,2109,1004,12,12,12,33,-,2.4076ns,-,-,-,-,28,-,-
BF,1,112,2444,14,1679,534,193,0,4313,2077,14,14,14,38,-,3.0376ns,-,-,-,-,22,-,-
BF,1,113,2444,14,1679,534,193,0,4313,2077,14,14,14,38,-,3.0376ns,-,-,-,-,22,-,-
BF,1,114,5138,11,4463,552,106,0,8602,4155,11,11,11,17,-,3.2109ns,-,-,-,-,11,-,-
BF,1,115,5204,10,4363,702,123,0,8546,4125,10,10,10,16,-,3.281ns,-,-,-,-,10,-,-
BF,1,116,1145,12,578,360,158,0,2147,1022,13,13,13,49,-,2.4076ns,-,-,-,-,21,-,-
BF,1,117,1145,12,578,360,158,0,2147,1022,13,13,13,49,-,2.4076ns,-,-,-,-,21,-,-
BF,1,118,1112,13,578,342,158,0,2111,1007,13,13,13,34,-,2.4076ns,-,-,-,-,30,-,-
BF,1,119,1112,13,578,342,158,0,2111,1007,13,13,13,34,-,2.4076ns,-,-,-,-,30,-,-
BF,1,120,1143,8,593,336,181,0,2136,1034,8,8,8,33,-,2.4076ns,-,-,-,-,46,-,-
BF,1,121,1143,8,593,336,181,0,2136,1034,8,8,8,33,-,2.4076ns,-,-,-,-,46,-,-
BF,1,122,2485,10,1688,534,227,0,4380,2122,10,10,10,36,-,3.0376ns,-,-,-,-,40,-,-
BF,1,123,2485,10,1688,534,227,0,4380,2122,10,10,10,36,-,3.0376ns,-,-,-,-,40,-,-
BF,1,124,5753,14,4487,936,279,0,9736,4685,14,14,14,51,-,3.2109ns,-,-,-,-,36,-,-
BF,1,125,5050,14,3785,810,399,0,8745,4093,14,14,14,56,-,3.291ns,-,-,-,-,36,-,-
BF,1,126,1176,8,587,354,185,0,2192,1059,9,9,9,50,-,2.4076ns,-,-,-,-,39,-,-
BF,1,127,1176,8,587,354,185,0,2192,1059,9,9,9,50,-,2.4076ns,-,-,-,-,39,-,-
BF,1,128,1148,9,587,342,184,0,2166,1052,9,9,9,35,-,2.4076ns,-,-,-,-,47,-,-
BF,1,129,1148,9,587,342,184,0,2166,1052,9,9,9,35,-,2.4076ns,-,-,-,-,47,-,-
BF,1,130,1183,8,589,360,198,0,2217,1072,8,8,8,36,-,2.5382ns,-,-,-,-,38,-,-
BF,1,131,1155,8,589,354,179,0,2147,1041,8,8,8,33,-,2.4076ns,-,-,-,-,38,-,-
BF,1,132,2513,10,1684,540,246,0,4442,2141,10,10,10,43,-,3.1682ns,-,-,-,-,32,-,-
BF,1,133,2503,10,1706,534,227,0,4426,2144,10,10,10,36,-,3.0376ns,-,-,-,-,32,-,-
BF,1,134,5700,13,4488,894,268,0,9631,4628,13,13,13,50,-,3.211ns,-,-,-,-,27,-,-
BF,1,136,1215,8,583,378,201,0,2268,1095,9,9,9,53,-,2.5382ns,-,-,-,-,31,-,-
BF,1,137,1188,8,583,372,183,0,2203,1066,9,9,9,50,-,2.4076ns,-,-,-,-,31,-,-
BF,1,138,1187,9,583,366,200,0,2242,1088,9,9,9,38,-,2.5382ns,-,-,-,-,39,-,-
BF,1,139,1160,9,583,360,182,0,2177,1059,9,9,9,35,-,2.4076ns,-,-,-,-,39,-,-
BF,1,140,1198,8,589,348,217,0,2320,1116,8,8,8,44,-,2.6149ns,-,-,-,-,34,-,-
BF,1,141,1147,8,589,348,177,0,2162,1052,8,8,8,33,-,2.4076ns,-,-,-,-,34,-,-
BF,1,142,2560,10,1684,546,267,0,4602,2220,10,10,10,63,-,3.2449ns,-,-,-,-,28,-,-
BF,1,143,2478,10,1686,534,221,0,4402,2133,10,10,10,37,-,3.0376ns,-,-,-,-,28,-,-
BF,1,144,5555,13,4483,798,227,0,9386,4532,13,13,13,47,-,3.211ns,-,-,-,-,23,-,-
BF,1,146,1231,8,583,366,221,0,2376,1141,9,9,9,61,-,2.6149ns,-,-,-,-,27,-,-
BF,1,147,1180,8,583,366,181,0,2218,1077,9,9,9,50,-,2.4076ns,-,-,-,-,27,-,-
BF,1,148,1203,9,583,354,220,0,2350,1134,9,9,9,46,-,2.6149ns,-,-,-,-,35,-,-
BF,1,149,1152,9,583,354,180,0,2192,1070,9,9,9,35,-,2.4076ns,-,-,-,-,35,-,-
BF,1,150,1180,14,584,342,199,0,2360,1149,14,14,14,55,-,2.4076ns,-,-,-,-,38,-,-
BF,1,151,1180,14,584,342,199,0,2360,1149,14,14,14,55,-,2.4076ns,-,-,-,-,38,-,-
BF,1,152,2513,16,1679,534,241,0,4569,2216,16,16,16,59,-,3.0376ns,-,-,-,-,32,-,-
BF,1,153,2513,16,1679,534,241,0,4569,2216,16,16,16,59,-,3.0376ns,-,-,-,-,32,-,-
BF,1,154,5792,13,4478,984,286,0,9762,4676,13,13,13,44,-,3.2109ns,-,-,-,-,21,-,-
BF,1,155,5692,12,4378,942,328,0,9676,4604,12,12,12,44,-,3.281ns,-,-,-,-,20,-,-
BF,1,156,1207,14,578,360,198,0,2376,1155,15,15,15,71,-,2.4076ns,-,-,-,-,31,-,-
BF,1,157,1207,14,578,360,198,0,2376,1155,15,15,15,71,-,2.4076ns,-,-,-,-,31,-,-
BF,1,158,1175,15,578,342,199,0,2343,1141,15,15,15,56,-,2.4076ns,-,-,-,-,39,-,-
BF,1,159,1175,15,578,342,199,0,2343,1141,15,15,15,56,-,2.4076ns,-,-,-,-,39,-,-
BF,1,160,2243,6,596,1200,394,15,3647,1678,6,6,6,38,-,2.9648ns,-,-,-,-,37,-,-
BF,1,161,2243,6,596,1200,394,15,3647,1678,6,6,6,38,-,2.9648ns,-,-,-,-,37,-,-
BF,1,162,3419,8,1703,1200,456,15,5753,2673,8,8,8,45,-,3.5998ns,-,-,-,-,31,-,-
BF,1,163,3419,8,1703,1200,456,15,5753,2673,8,8,8,45,-,3.5998ns,-,-,-,-,31,-,-
BF,1,164,6110,12,4496,1104,444,15,10353,4887,12,12,12,51,-,3.2109ns,-,-,-,-,27,-,-
BF,1,165,6124,12,4196,1266,594,15,10366,4781,12,12,12,53,-,3.2909ns,-,-,-,-,27,-,-
BF,1,166,1805,6,602,810,324,15,3085,1428,7,7,7,54,-,2.9848ns,-,-,-,-,30,-,-
BF,1,167,1805,6,602,810,324,15,3085,1428,7,7,7,54,-,2.9848ns,-,-,-,-,30,-,-
BF,1,168,1780,7,602,798,325,15,3045,1409,7,7,7,40,-,2.9648ns,-,-,-,-,39,-,-
BF,1,169,1780,7,602,798,325,15,3045,1409,7,7,7,40,-,2.9648ns,-,-,-,-,39,-,-
BF,1,170,2315,6,588,1248,424,14,3768,1734,6,6,6,41,-,3.0661ns,-,-,-,-,33,-,-
BF,1,171,2295,6,588,1248,406,14,3709,1709,6,6,6,39,-,2.9055ns,-,-,-,-,33,-,-
BF,1,172,3517,8,1695,1248,511,14,5948,2755,8,8,8,49,-,3.7111ns,-,-,-,-,27,-,-
BF,1,173,3484,8,1717,1248,461,14,5830,2723,8,8,8,44,-,3.6415ns,-,-,-,-,27,-,-
BF,1,174,6163,12,4488,1152,457,14,10417,4918,12,12,12,52,-,3.2109ns,-,-,-,-,23,-,-
BF,1,176,1877,6,594,858,354,14,3203,1482,7,7,7,57,-,3.1261ns,-,-,-,-,26,-,-
BF,1,177,1851,6,594,852,336,14,3140,1455,7,7,7,55,-,2.9555ns,-,-,-,-,26,-,-
BF,1,178,1852,7,594,846,355,14,3166,1465,7,7,7,43,-,3.0861ns,-,-,-,-,35,-,-
BF,1,179,1826,7,594,840,337,14,3103,1438,7,7,7,41,-,2.9355ns,-,-,-,-,35,-,-
BF,1,180,2462,6,583,1344,474,12,4002,1841,6,6,6,49,-,3.0421ns,-,-,-,-,31,-,-
BF,1,181,2416,6,583,1344,436,12,3860,1784,6,6,6,41,-,2.7848ns,-,-,-,-,31,-,-
BF,1,182,3689,8,1690,1344,580,12,6257,2887,8,8,8,63,-,3.6871ns,-,-,-,-,25,-,-
BF,1,183,3583,8,1692,1344,488,12,5940,2775,8,8,8,47,-,3.4898ns,-,-,-,-,25,-,-
BF,1,184,6285,12,4483,1248,488,12,10570,4993,12,12,12,54,-,3.2109ns,-,-,-,-,21,-,-
BF,1,186,2024,6,589,954,404,12,3434,1587,7,7,7,65,-,3.0821ns,-,-,-,-,24,-,-
BF,1,187,1966,6,589,942,366,12,3284,1526,7,7,7,57,-,2.8548ns,-,-,-,-,24,-,-
BF,1,188,1999,7,589,942,405,12,3400,1572,7,7,7,51,-,3.0621ns,-,-,-,-,33,-,-
BF,1,189,1941,7,589,930,367,12,3250,1511,7,7,7,43,-,2.8348ns,-,-,-,-,33,-,-
BF,1,190,2169,4,578,1194,373,0,3427,1581,4,4,4,24,-,2.7448ns,-,-,-,-,28,-,-
BF,1,191,2169,4,578,1194,373,0,3427,1581,4,4,4,24,-,2.7448ns,-,-,-,-,28,-,-
BF,1,192,3354,6,1685,1200,439,0,5555,2587,6,6,6,30,-,3.5948ns,-,-,-,-,22,-,-
BF,1,193,3354,6,1685,1200,439,0,5555,2587,6,6,6,30,-,3.5948ns,-,-,-,-,22,-,-
BF,1,194,5917,12,4478,1056,346,0,9897,4718,12,12,12,37,-,3.2109ns,-,-,-,-,20,-,-
BF,1,195,5931,12,4178,1218,496,0,9910,4612,12,12,12,39,-,3.2909ns,-,-,-,-,20,-,-
BF,1,196,1729,4,584,804,299,0,2856,1323,5,5,5,42,-,2.7448ns,-,-,-,-,21,-,-
BF,1,197,1729,4,584,804,299,0,2856,1323,5,5,5,42,-,2.7448ns,-,-,-,-,21,-,-
BF,1,198,1703,5,584,792,302,0,2836,1316,5,5,5,25,-,2.7448ns,-,-,-,-,30,-,-
BF,1,199,1703,5,584,792,302,0,2836,1316,5,5,5,25,-,2.7448ns,-,-,-,-,30,-,-
BF,1,200,2489,6,632,1188,558,15,4572,2005,6,6,6,96,-,2.9648ns,-,-,-,-,31,-,-
BF,1,201,2239,6,614,1188,378,15,3665,1684,6,6,6,44,-,2.9648ns,-,-,-,-,31,-,-
BF,1,202,3726,8,1733,1188,665,15,7036,3083,8,8,8,125,-,3.5998ns,-,-,-,-,25,-,-
BF,1,203,3397,8,1717,1188,427,15,5718,2664,8,8,8,50,-,3.7428ns,-,-,-,-,25,-,-
BF,1,204,6254,6,4517,1086,551,15,10828,5044,6,6,6,85,-,3.211ns,-,-,-,-,15,-,-
BF,1,206,2064,6,623,822,492,15,4005,1753,7,7,7,112,-,2.9848ns,-,-,-,-,24,-,-
BF,1,207,1809,6,614,810,310,15,3099,1433,7,7,7,60,-,2.9848ns,-,-,-,-,24,-,-
BF,1,208,2039,7,623,810,493,15,3968,1738,7,7,7,98,-,2.9648ns,-,-,-,-,33,-,-
BF,1,209,1784,7,614,798,311,15,3062,1418,7,7,7,46,-,2.9648ns,-,-,-,-,33,-,-
BF,1,210,2562,6,624,1236,588,14,4694,2063,6,6,6,100,-,3.0661ns,-,-,-,-,27,-,-
BF,1,211,2292,6,606,1236,390,14,3728,1717,6,6,6,46,-,2.9055ns,-,-,-,-,27,-,-
BF,1,212,3825,8,1725,1236,720,14,7233,3168,8,8,8,130,-,3.7111ns,-,-,-,-,21,-,-
BF,1,213,3443,8,1704,1236,437,14,5771,2695,8,8,8,52,-,3.6415ns,-,-,-,-,21,-,-
BF,1,214,6307,6,4509,1134,564,14,10894,5076,6,6,6,86,-,3.211ns,-,-,-,-,11,-,-
BF,1,216,2137,6,615,870,522,14,4131,1814,7,7,7,116,-,3.1261ns,-,-,-,-,20,-,-
BF,1,217,1856,6,606,852,322,14,3162,1467,7,7,7,62,-,2.9555ns,-,-,-,-,20,-,-
BF,1,218,2112,7,615,858,523,14,4094,1797,7,7,7,102,-,3.0861ns,-,-,-,-,29,-,-
BF,1,219,1831,7,606,840,323,14,3125,1450,7,7,7,48,-,2.9355ns,-,-,-,-,29,-,-
BF,1,220,2725,6,619,1332,655,12,4949,2184,6,6,6,107,-,3.0921ns,-,-,-,-,25,-,-
BF,1,221,2429,6,601,1332,437,12,3905,1809,6,6,6,47,-,2.8348ns,-,-,-,-,25,-,-
BF,1,222,4011,8,1720,1332,804,12,7564,3315,8,8,8,143,-,3.7371ns,-,-,-,-,19,-,-
BF,1,223,3558,8,1677,1332,483,12,5905,2761,8,8,8,54,-,3.5198ns,-,-,-,-,19,-,-
BF,1,224,6430,6,4504,1230,595,12,11054,5159,6,6,6,89,-,3.211ns,-,-,-,-,9,-,-
BF,1,226,2284,6,610,966,572,12,4362,1920,7,7,7,124,-,3.0821ns,-,-,-,-,18,-,-
BF,1,227,1971,6,601,942,352,12,3306,1539,7,7,7,64,-,2.8548ns,-,-,-,-,18,-,-
BF,1,228,2259,7,610,954,573,12,4328,1905,7,7,7,110,-,3.0621ns,-,-,-,-,27,-,-
BF,1,229,1946,7,601,930,353,12,3272,1524,7,7,7,50,-,2.8348ns,-,-,-,-,27,-,-
BF,1,230,2431,4,614,1182,554,0,4373,1919,4,4,4,81,-,2.7948ns,-,-,-,-,22,-,-
BF,1,231,2181,4,596,1182,374,0,3466,1598,4,4,4,29,-,2.7948ns,-,-,-,-,22,-,-
BF,1,232,3676,6,1715,1188,664,0,6862,3011,6,6,6,109,-,3.6448ns,-,-,-,-,16,-,-
BF,1,233,3347,6,1699,1188,426,0,5540,2588,6,6,6,34,-,3.7878ns,-,-,-,-,16,-,-
BF,1,234,6063,6,4499,1038,454,0,10383,4881,6,6,6,72,-,3.2109ns,-,-,-,-,8,-,-
BF,1,236,1989,4,605,816,467,0,3784,1654,5,5,5,101,-,2.7448ns,-,-,-,-,15,-,-
BF,1,237,1734,4,596,804,285,0,2878,1334,5,5,5,49,-,2.7448ns,-,-,-,-,15,-,-
BF,1,238,1963,5,605,804,470,0,3758,1642,5,5,5,84,-,2.7448ns,-,-,-,-,24,-,-
BF,1,239,1708,5,596,792,288,0,2852,1322,5,5,5,32,-,2.7448ns,-,-,-,-,24,-,-
BF,1,240,1948,13,596,942,359,15,3346,1544,13,13,13,36,-,3.0148ns,-,-,-,-,36,-,-
BF,1,241,1948,13,596,942,359,15,3346,1544,13,13,13,36,-,3.0148ns,-,-,-,-,36,-,-
BF,1,242,3104,15,1697,990,361,15,5302,2497,15,15,15,41,-,3.6498ns,-,-,-,-,30,-,-
BF,1,243,3104,15,1697,990,361,15,5302,2497,15,15,15,41,-,3.6498ns,-,-,-,-,30,-,-
BF,1,244,5916,19,4481,1038,333,15,10086,4821,19,19,19,49,-,3.2109ns,-,-,-,-,26,-,-
BF,1,245,5797,19,4181,1056,494,15,9980,4641,19,19,19,51,-,3.2909ns,-,-,-,-,26,-,-
BF,1,246,1779,13,596,816,301,15,3086,1436,14,14,14,51,-,2.9848ns,-,-,-,-,29,-,-
BF,1,247,1779,13,596,816,301,15,3086,1436,14,14,14,51,-,2.9848ns,-,-,-,-,29,-,-
BF,1,248,1755,14,596,804,303,15,3052,1420,14,14,14,37,-,2.9648ns,-,-,-,-,38,-,-
BF,1,249,1755,14,596,804,303,15,3052,1420,14,14,14,37,-,2.9648ns,-,-,-,-,38,-,-
BF,1,250,2021,13,588,990,389,14,3468,1602,13,13,13,40,-,3.1161ns,-,-,-,-,32,-,-
BF,1,251,2001,13,588,990,371,14,3409,1577,13,13,13,38,-,2.9555ns,-,-,-,-,32,-,-
BF,1,252,3178,15,1689,1038,391,14,5448,2588,15,15,15,46,-,3.7111ns,-,-,-,-,26,-,-
BF,1,253,3136,15,1711,1014,355,14,5355,2559,15,15,15,42,-,3.6415ns,-,-,-,-,26,-,-
BF,1,254,5969,19,4473,1086,346,14,10153,4854,19,19,19,50,-,3.2109ns,-,-,-,-,22,-,-
BF,1,256,1852,13,588,864,331,14,3210,1494,14,14,14,55,-,3.1261ns,-,-,-,-,25,-,-
BF,1,257,1826,13,588,858,313,14,3147,1467,14,14,14,53,-,2.9555ns,-,-,-,-,25,-,-
BF,1,258,1828,14,588,852,333,14,3177,1478,14,14,14,41,-,3.0861ns,-,-,-,-,34,-,-
BF,1,259,1802,14,588,846,315,14,3114,1451,14,14,14,39,-,2.9355ns,-,-,-,-,34,-,-
BF,1,260,2175,13,583,1098,436,12,3691,1710,13,13,13,46,-,3.0921ns,-,-,-,-,30,-,-
BF,1,261,2129,13,583,1098,398,12,3549,1653,13,13,13,38,-,2.8348ns,-,-,-,-,30,-,-
BF,1,262,3350,15,1684,1134,460,12,5758,2721,15,15,15,60,-,3.6871ns,-,-,-,-,24,-,-
BF,1,263,3235,15,1686,1110,383,12,5465,2611,15,15,15,44,-,3.4248ns,-,-,-,-,24,-,-
BF,1,264,6099,19,4468,1194,374,12,10308,4938,19,19,19,51,-,3.2109ns,-,-,-,-,20,-,-
BF,1,266,1999,13,583,960,381,12,3441,1600,14,14,14,63,-,3.0821ns,-,-,-,-,23,-,-
BF,1,267,1941,13,583,948,343,12,3291,1539,14,14,14,55,-,2.8548ns,-,-,-,-,23,-,-
BF,1,268,1975,14,583,948,383,12,3411,1586,14,14,14,49,-,3.0621ns,-,-,-,-,32,-,-
BF,1,269,1917,14,583,936,345,12,3261,1525,14,14,14,41,-,2.8348ns,-,-,-,-,32,-,-
BF,1,270,1868,11,578,942,326,0,3100,1434,11,11,11,22,-,2.7948ns,-,-,-,-,27,-,-
BF,1,271,1868,11,578,942,326,0,3100,1434,11,11,11,22,-,2.7948ns,-,-,-,-,27,-,-
BF,1,272,3024,13,1679,990,328,0,5070,2414,13,13,13,27,-,3.6448ns,-,-,-,-,21,-,-
BF,1,273,3024,13,1679,990,328,0,5070,2414,13,13,13,27,-,3.6448ns,-,-,-,-,21,-,-
BF,1,274,4991,1,4463,528,0,0,7952,3906,1,1,1,0,0,3.1409ns,-,-,-,-,1,-,-
BF,1,275,4991,1,4463,528,0,0,7952,3906,1,1,1,0,0,3.1409ns,-,-,-,-,1,-,-
BF,1,276,1699,11,578,816,268,0,2842,1347,12,12,12,37,-,2.7448ns,-,-,-,-,20,-,-
BF,1,277,1699,11,578,816,268,0,2842,1347,12,12,12,37,-,2.7448ns,-,-,-,-,20,-,-
BF,1,278,1668,12,578,798,270,0,2812,1334,12,12,12,22,-,2.7448ns,-,-,-,-,29,-,-
BF,1,279,1668,12,578,798,270,0,2812,1334,12,12,12,22,-,2.7448ns,-,-,-,-,29,-,-
BF,1,280,1747,7,602,768,323,15,3026,1400,7,7,7,39,-,2.9648ns,-,-,-,-,38,-,-
BF,1,281,1747,7,602,768,323,15,3026,1400,7,7,7,39,-,2.9648ns,-,-,-,-,38,-,-
BF,1,282,3115,9,1697,990,371,15,5285,2497,9,9,9,42,-,3.5998ns,-,-,-,-,32,-,-
BF,1,283,3115,9,1697,990,371,15,5285,2497,9,9,9,42,-,3.5998ns,-,-,-,-,32,-,-
BF,1,284,5957,13,4496,1032,363,15,10096,4813,13,13,13,51,-,3.2109ns,-,-,-,-,28,-,-
BF,1,285,5838,13,4196,1050,524,15,9990,4633,13,13,13,53,-,3.2909ns,-,-,-,-,28,-,-
BF,1,286,1802,7,596,810,326,15,3082,1429,8,8,8,55,-,2.9848ns,-,-,-,-,31,-,-
BF,1,287,1802,7,596,810,326,15,3082,1429,8,8,8,55,-,2.9848ns,-,-,-,-,31,-,-
BF,1,288,1778,8,596,798,328,15,3045,1411,8,8,8,41,-,2.9648ns,-,-,-,-,39,-,-
BF,1,289,1778,8,596,798,328,15,3045,1411,8,8,8,41,-,2.9648ns,-,-,-,-,39,-,-
BF,1,290,1819,7,594,816,353,14,3147,1456,7,7,7,42,-,3.0661ns,-,-,-,-,34,-,-
BF,1,291,1799,7,594,816,335,14,3088,1431,7,7,7,40,-,2.9055ns,-,-,-,-,34,-,-
BF,1,292,3205,9,1689,1038,418,14,5455,2570,9,9,9,46,-,3.7111ns,-,-,-,-,28,-,-
BF,1,293,3162,9,1711,1014,381,14,5359,2538,9,9,9,42,-,3.6415ns,-,-,-,-,28,-,-
BF,1,294,6010,13,4488,1080,376,14,10160,4844,13,13,13,52,-,3.2109ns,-,-,-,-,24,-,-
BF,1,296,1874,7,588,858,356,14,3200,1483,8,8,8,58,-,3.1261ns,-,-,-,-,27,-,-
BF,1,297,1848,7,588,852,338,14,3137,1456,8,8,8,56,-,2.9555ns,-,-,-,-,27,-,-
BF,1,298,1850,8,588,846,358,14,3166,1467,8,8,8,44,-,3.0861ns,-,-,-,-,35,-,-
BF,1,299,1824,8,588,840,340,14,3103,1440,8,8,8,42,-,2.9355ns,-,-,-,-,35,-,-
BF,1,300,1966,7,589,912,403,12,3381,1563,7,7,7,50,-,3.0421ns,-,-,-,-,32,-,-
BF,1,301,1920,7,589,912,365,12,3239,1506,7,7,7,42,-,2.7848ns,-,-,-,-,32,-,-
BF,1,302,3377,9,1684,1134,487,12,5764,2702,9,9,9,60,-,3.6871ns,-,-,-,-,26,-,-
BF,1,303,3261,9,1686,1110,408,12,5469,2590,9,9,9,45,-,3.4898ns,-,-,-,-,26,-,-
BF,1,304,6132,13,4483,1176,407,12,10313,4919,13,13,13,54,-,3.2109ns,-,-,-,-,22,-,-
BF,1,306,2021,7,583,954,406,12,3431,1588,8,8,8,66,-,3.0821ns,-,-,-,-,25,-,-
BF,1,307,1963,7,583,942,368,12,3281,1527,8,8,8,58,-,2.8548ns,-,-,-,-,25,-,-
BF,1,308,1997,8,583,942,408,12,3400,1574,8,8,8,52,-,3.0621ns,-,-,-,-,33,-,-
BF,1,309,1939,8,583,930,370,12,3250,1513,8,8,8,44,-,2.8348ns,-,-,-,-,33,-,-
BF,1,310,1681,5,584,768,304,0,2824,1311,5,5,5,25,-,2.7448ns,-,-,-,-,29,-,-
BF,1,311,1681,5,584,768,304,0,2824,1311,5,5,5,25,-,2.7448ns,-,-,-,-,29,-,-
BF,1,312,3040,7,1679,984,347,0,5060,2397,7,7,7,30,-,3.5948ns,-,-,-,-,23,-,-
BF,1,313,3040,7,1679,984,347,0,5060,2397,7,7,7,30,-,3.5948ns,-,-,-,-,23,-,-
BF,1,314,5764,12,4478,984,263,0,9632,4637,12,12,12,39,-,3.2109ns,-,-,-,-,20,-,-
BF,1,315,5645,12,4178,1002,424,0,9526,4457,12,12,12,41,-,3.2909ns,-,-,-,-,20,-,-
BF,1,316,1732,5,578,810,302,0,2866,1330,6,6,6,42,-,2.7448ns,-,-,-,-,22,-,-
BF,1,317,1732,5,578,810,302,0,2866,1330,6,6,6,42,-,2.7448ns,-,-,-,-,22,-,-
BF,1,318,1701,6,578,792,304,0,2833,1316,6,6,6,27,-,2.7448ns,-,-,-,-,30,-,-
BF,1,319,1701,6,578,792,304,0,2833,1316,6,6,6,27,-,2.7448ns,-,-,-,-,30,-,-
BF,1,320,2123,7,587,1200,302,0,3332,1577,7,7,7,34,-,2.7448ns,-,-,-,-,45,-,-
BF,1,321,2123,7,587,1200,302,0,3332,1577,7,7,7,34,-,2.7448ns,-,-,-,-,45,-,-
BF,1,322,3309,9,1694,1206,371,0,5472,2591,9,9,9,38,-,3.5948ns,-,-,-,-,39,-,-
BF,1,323,3309,9,1694,1206,371,0,5472,2591,9,9,9,38,-,3.5948ns,-,-,-,-,39,-,-
BF,1,324,5921,13,4487,1104,281,0,9852,4737,13,13,13,49,-,3.2109ns,-,-,-,-,35,-,-
BF,1,325,5935,13,4187,1266,431,0,9865,4631,13,13,13,51,-,3.291ns,-,-,-,-,35,-,-
BF,1,326,1691,7,593,810,238,0,2785,1332,8,8,8,50,-,2.7448ns,-,-,-,-,38,-,-
BF,1,327,1691,7,593,810,238,0,2785,1332,8,8,8,50,-,2.7448ns,-,-,-,-,38,-,-
BF,1,328,1654,8,593,792,234,0,2724,1303,8,8,8,35,-,2.7448ns,-,-,-,-,47,-,-
BF,1,329,1654,8,593,792,234,0,2724,1303,8,8,8,35,-,2.7448ns,-,-,-,-,47,-,-
BF,1,330,2149,7,583,1206,323,0,3410,1606,7,7,7,37,-,2.7448ns,-,-,-,-,37,-,-
BF,1,331,2121,7,583,1200,304,0,3340,1575,7,7,7,34,-,2.7448ns,-,-,-,-,37,-,-
BF,1,332,3352,9,1690,1212,405,0,5600,2636,9,9,9,45,-,3.5948ns,-,-,-,-,31,-,-
BF,1,333,3319,9,1712,1206,365,0,5492,2605,9,9,9,36,-,3.7378ns,-,-,-,-,31,-,-
BF,1,334,5892,9,4483,1104,267,0,9745,4677,9,9,9,38,-,3.211ns,-,-,-,-,23,-,-
BF,1,336,1715,7,589,816,257,0,2864,1366,8,8,8,53,-,2.7448ns,-,-,-,-,30,-,-
BF,1,337,1688,7,589,810,239,0,2799,1337,8,8,8,50,-,2.7448ns,-,-,-,-,30,-,-
BF,1,338,1678,8,589,798,253,0,2803,1337,8,8,8,38,-,2.7448ns,-,-,-,-,39,-,-
BF,1,339,1651,8,589,792,235,0,2738,1308,8,8,8,35,-,2.7448ns,-,-,-,-,39,-,-
BF,1,340,2193,7,598,1200,348,0,3577,1678,7,7,7,47,-,2.7448ns,-,-,-,-,33,-,-
BF,1,341,2118,7,583,1200,301,0,3357,1587,7,7,7,34,-,2.7448ns,-,-,-,-,33,-,-
BF,1,342,3408,9,1699,1206,438,0,5794,2713,9,9,9,65,-,3.5498ns,-,-,-,-,27,-,-
BF,1,343,3294,9,1692,1206,359,0,5467,2593,9,9,9,37,-,3.7378ns,-,-,-,-,27,-,-
BF,1,344,5853,7,4483,1098,239,0,9647,4643,7,7,7,33,-,3.211ns,-,-,-,-,17,-,-
BF,1,346,1746,7,589,822,274,0,2969,1414,8,8,8,61,-,2.7448ns,-,-,-,-,26,-,-
BF,1,347,1685,7,589,810,236,0,2813,1347,8,8,8,50,-,2.7448ns,-,-,-,-,26,-,-
BF,1,348,1709,8,589,804,270,0,2908,1385,8,8,8,46,-,2.7448ns,-,-,-,-,35,-,-
BF,1,349,1648,8,589,792,232,0,2752,1318,8,8,8,35,-,2.7448ns,-,-,-,-,35,-,-
BF,1,350,2177,13,578,1206,341,0,3553,1692,13,13,13,52,-,2.7948ns,-,-,-,-,37,-,-
BF,1,351,2177,13,578,1206,341,0,3553,1692,13,13,13,52,-,2.7948ns,-,-,-,-,37,-,-
BF,1,352,3345,15,1685,1206,396,0,5654,2690,15,15,15,58,-,3.6448ns,-,-,-,-,31,-,-
BF,1,353,3345,15,1685,1206,396,0,5654,2690,15,15,15,58,-,3.6448ns,-,-,-,-,31,-,-
BF,1,354,5905,12,4478,1104,279,0,9799,4699,12,12,12,44,-,3.2109ns,-,-,-,-,20,-,-
BF,1,355,5905,11,4178,1266,420,0,9755,4570,11,11,11,41,-,3.291ns,-,-,-,-,19,-,-
BF,1,356,1731,13,587,816,259,0,3011,1441,14,14,14,69,-,2.7448ns,-,-,-,-,30,-,-
BF,1,357,1731,13,587,816,259,0,3011,1441,14,14,14,69,-,2.7448ns,-,-,-,-,30,-,-
BF,1,358,1698,14,587,798,260,0,2963,1418,14,14,14,53,-,2.7448ns,-,-,-,-,39,-,-
BF,1,359,1698,14,587,798,260,0,2963,1418,14,14,14,53,-,2.7448ns,-,-,-,-,39,-,-
BF,1,360,2405,7,623,1188,555,9,4168,1827,7,7,7,30,-,2.8921ns,-,-,-,-,39,-,-
BF,1,361,1809,7,605,900,281,3,2941,1384,7,7,7,20,-,2.6148ns,-,-,-,-,39,-,-
BF,1,362,3687,9,1724,1194,701,9,6762,2960,9,9,9,59,-,3.6971ns,-,-,-,-,33,-,-
BF,1,363,2977,9,1708,906,337,3,5024,2379,9,9,9,23,-,3.4848ns,-,-,-,-,33,-,-
BF,1,364,6156,13,4508,1092,507,9,10480,4922,13,13,13,40,-,3.2109ns,-,-,-,-,29,-,-
BF,1,366,1976,7,614,810,497,9,3621,1583,8,8,8,46,-,2.8921ns,-,-,-,-,32,-,-
BF,1,367,1373,7,605,510,219,3,2385,1138,8,8,8,36,-,2.6148ns,-,-,-,-,32,-,-
BF,1,368,1939,8,614,792,493,9,3560,1554,8,8,8,31,-,2.8921ns,-,-,-,-,41,-,-
BF,1,369,1336,8,605,492,215,3,2324,1109,8,8,8,21,-,2.6148ns,-,-,-,-,41,-,-
BF,1,370,2432,7,619,1194,576,9,4247,1858,7,7,7,34,-,2.8921ns,-,-,-,-,31,-,-
BF,1,371,1808,7,601,900,283,3,2950,1384,7,7,7,21,-,2.6148ns,-,-,-,-,31,-,-
BF,1,372,3731,9,1720,1200,735,9,6889,3008,9,9,9,67,-,3.6971ns,-,-,-,-,25,-,-
BF,1,373,2968,9,1699,906,336,3,5024,2378,9,9,9,24,-,3.4848ns,-,-,-,-,25,-,-
BF,1,374,6127,9,4504,1092,493,9,10372,4861,9,9,9,29,-,3.211ns,-,-,-,-,17,-,-
BF,1,376,2001,7,610,816,516,9,3705,1620,8,8,8,50,-,2.8921ns,-,-,-,-,24,-,-
BF,1,377,1376,7,601,516,219,3,2403,1146,8,8,8,37,-,2.6148ns,-,-,-,-,24,-,-
BF,1,378,1964,8,610,798,512,9,3644,1591,8,8,8,35,-,2.8921ns,-,-,-,-,33,-,-
BF,1,379,1339,8,601,498,215,3,2342,1117,8,8,8,22,-,2.6148ns,-,-,-,-,33,-,-
BF,1,380,2454,7,619,1188,594,9,4351,1910,7,7,7,44,-,2.8921ns,-,-,-,-,27,-,-
BF,1,381,1808,7,601,900,282,3,2974,1406,7,7,7,22,-,2.6148ns,-,-,-,-,27,-,-
BF,1,382,3770,9,1720,1194,758,9,7052,3088,9,9,9,89,-,3.6971ns,-,-,-,-,21,-,-
BF,1,383,2947,9,1677,906,334,3,5007,2376,9,9,9,27,-,3.4648ns,-,-,-,-,21,-,-
BF,1,384,6092,7,4504,1086,468,9,10287,4838,7,7,7,25,-,3.211ns,-,-,-,-,11,-,-
BF,1,386,2029,7,610,822,529,9,3792,1663,8,8,8,59,-,2.8921ns,-,-,-,-,20,-,-
BF,1,387,1365,7,601,510,213,3,2400,1153,8,8,8,38,-,2.6148ns,-,-,-,-,20,-,-
BF,1,388,1997,8,610,804,530,9,3748,1641,8,8,8,44,-,2.8921ns,-,-,-,-,29,-,-
BF,1,389,1333,8,601,492,214,3,2356,1131,8,8,8,23,-,2.6148ns,-,-,-,-,29,-,-
BF,1,390,2457,13,614,1194,593,9,4378,1936,13,13,13,47,-,2.9421ns,-,-,-,-,31,-,-
BF,1,391,1861,13,596,906,319,3,3151,1493,13,13,13,37,-,2.6648ns,-,-,-,-,31,-,-
BF,1,392,3729,15,1715,1194,733,9,6954,3059,15,15,15,78,-,3.7471ns,-,-,-,-,25,-,-
BF,1,393,3019,15,1699,906,369,3,5216,2478,15,15,15,42,-,3.5348ns,-,-,-,-,25,-,-
BF,1,394,6147,12,4499,1092,510,9,10466,4895,12,12,12,37,-,3.2109ns,-,-,-,-,14,-,-
BF,1,396,2035,13,605,840,517,9,3842,1707,14,14,14,64,-,2.8921ns,-,-,-,-,24,-,-
BF,1,397,1404,13,596,516,234,3,2577,1234,14,14,14,55,-,2.6148ns,-,-,-,-,24,-,-
BF,1,398,1996,14,605,822,511,9,3779,1677,14,14,14,49,-,2.8921ns,-,-,-,-,33,-,-
BF,1,399,1370,14,596,498,233,3,2531,1211,14,14,14,40,-,2.6148ns,-,-,-,-,33,-,-
BF,1,400,1597,6,587,768,230,0,2581,1222,6,6,6,12,-,2.7448ns,-,-,-,-,36,-,-
BF,1,401,1597,6,587,768,230,0,2581,1222,6,6,6,12,-,2.7448ns,-,-,-,-,36,-,-
BF,1,402,2953,8,1688,984,264,0,4798,2304,8,8,8,17,-,3.5948ns,-,-,-,-,30,-,-
BF,1,403,2953,8,1688,984,264,0,4798,2304,8,8,8,17,-,3.5948ns,-,-,-,-,30,-,-
BF,1,404,5670,12,4472,984,185,0,9359,4545,12,12,12,29,-,3.2109ns,-,-,-,-,26,-,-
BF,1,405,5524,12,4172,1002,319,0,9199,4338,12,12,12,31,-,3.291ns,-,-,-,-,26,-,-
BF,1,406,1659,6,587,810,234,0,2661,1262,7,7,7,28,-,2.7448ns,-,-,-,-,29,-,-
BF,1,407,1659,6,587,810,234,0,2661,1262,7,7,7,28,-,2.7448ns,-,-,-,-,29,-,-
BF,1,408,1621,7,587,792,229,0,2597,1232,7,7,7,13,-,2.7448ns,-,-,-,-,38,-,-
BF,1,409,1621,7,587,792,229,0,2597,1232,7,7,7,13,-,2.7448ns,-,-,-,-,38,-,-
BF,1,410,1642,6,583,792,251,0,2680,1271,6,6,6,16,-,2.7448ns,-,-,-,-,28,-,-
BF,1,411,1614,6,583,786,232,0,2610,1240,6,6,6,13,-,2.7448ns,-,-,-,-,28,-,-
BF,1,412,2987,8,1684,990,287,0,4875,2335,8,8,8,26,-,3.5948ns,-,-,-,-,22,-,-
BF,1,413,2948,8,1706,960,264,0,4817,2312,8,8,8,18,-,3.7378ns,-,-,-,-,22,-,-
BF,1,414,5581,8,4468,930,164,0,9132,4426,8,8,8,19,-,3.211ns,-,-,-,-,14,-,-
BF,1,416,1685,6,583,816,253,0,2742,1299,7,7,7,33,-,2.7448ns,-,-,-,-,21,-,-
BF,1,417,1658,6,583,810,235,0,2677,1270,7,7,7,30,-,2.7448ns,-,-,-,-,21,-,-
BF,1,418,1652,7,583,798,253,0,2692,1274,7,7,7,18,-,2.7448ns,-,-,-,-,30,-,-
BF,1,419,1625,7,583,792,235,0,2627,1245,7,7,7,15,-,2.7448ns,-,-,-,-,30,-,-
BF,1,420,1655,6,583,780,267,0,2770,1310,6,6,6,25,-,2.7448ns,-,-,-,-,24,-,-
BF,1,421,1606,6,583,780,231,0,2623,1252,6,6,6,12,-,2.7448ns,-,-,-,-,24,-,-
BF,1,422,3031,8,1684,996,305,0,5029,2412,8,8,8,46,-,3.5948ns,-,-,-,-,18,-,-
BF,1,423,2935,8,1686,972,260,0,4809,2319,8,8,8,17,-,3.7378ns,-,-,-,-,18,-,-
BF,1,424,5449,6,4468,846,124,0,8890,4328,6,6,6,11,-,3.211ns,-,-,-,-,8,-,-
BF,1,426,1712,6,583,822,266,0,2833,1343,7,7,7,41,-,2.7448ns,-,-,-,-,17,-,-
BF,1,427,1656,6,583,810,234,0,2699,1285,7,7,7,29,-,2.7448ns,-,-,-,-,17,-,-
BF,1,428,1679,7,583,804,266,0,2786,1320,7,7,7,26,-,2.7448ns,-,-,-,-,26,-,-
BF,1,429,1623,7,583,792,234,0,2647,1260,7,7,7,14,-,2.7448ns,-,-,-,-,26,-,-
BF,1,430,1629,12,578,774,245,0,2760,1308,12,12,12,32,-,2.7448ns,-,-,-,-,28,-,-
BF,1,431,1629,12,578,774,245,0,2760,1308,12,12,12,32,-,2.7448ns,-,-,-,-,28,-,-
BF,1,432,2986,14,1679,990,280,0,4991,2398,14,14,14,37,-,3.5948ns,-,-,-,-,22,-,-
BF,1,433,2986,14,1679,990,280,0,4991,2398,14,14,14,37,-,3.5948ns,-,-,-,-,22,-,-
BF,1,434,5138,11,4463,552,106,0,8602,4155,11,11,11,17,-,3.2109ns,-,-,-,-,11,-,-
BF,1,435,5204,10,4363,702,123,0,8546,4125,10,10,10,16,-,3.281ns,-,-,-,-,10,-,-
BF,1,436,1687,12,578,816,245,0,2814,1335,13,13,13,48,-,2.7448ns,-,-,-,-,21,-,-
BF,1,437,1687,12,578,816,245,0,2814,1335,13,13,13,48,-,2.7448ns,-,-,-,-,21,-,-
BF,1,438,1654,13,578,798,245,0,2778,1320,13,13,13,33,-,2.7448ns,-,-,-,-,30,-,-
BF,1,439,1654,13,578,798,245,0,2778,1320,13,13,13,33,-,2.7448ns,-,-,-,-,30,-,-
BF,1,440,1630,8,593,768,234,0,2718,1301,8,8,8,35,-,2.7448ns,-,-,-,-,46,-,-
BF,1,441,1630,8,593,768,234,0,2718,1301,8,8,8,35,-,2.7448ns,-,-,-,-,46,-,-
BF,1,442,2996,10,1688,990,280,0,4989,2406,10,10,10,38,-,3.5948ns,-,-,-,-,40,-,-
BF,1,443,2996,10,1688,990,280,0,4989,2406,10,10,10,38,-,3.5948ns,-,-,-,-,40,-,-
BF,1,444,5721,14,4487,984,199,0,9554,4641,14,14,14,51,-,3.2109ns,-,-,-,-,36,-,-
BF,1,445,5575,14,4187,1002,333,0,9394,4434,14,14,14,53,-,3.291ns,-,-,-,-,36,-,-
BF,1,446,1687,8,587,810,238,0,2790,1335,9,9,9,52,-,2.7448ns,-,-,-,-,39,-,-
BF,1,447,1687,8,587,810,238,0,2790,1335,9,9,9,52,-,2.7448ns,-,-,-,-,39,-,-
BF,1,448,1659,9,587,798,237,0,2764,1328,9,9,9,37,-,2.7448ns,-,-,-,-,47,-,-
BF,1,449,1659,9,587,798,237,0,2764,1328,9,9,9,37,-,2.7448ns,-,-,-,-,47,-,-
BF,1,450,1670,8,589,792,251,0,2799,1339,8,8,8,38,-,2.7448ns,-,-,-,-,38,-,-
BF,1,451,1642,8,589,786,232,0,2729,1308,8,8,8,35,-,2.7448ns,-,-,-,-,38,-,-
BF,1,452,3023,10,1684,996,298,0,5048,2426,10,10,10,45,-,3.5948ns,-,-,-,-,32,-,-
BF,1,453,2989,10,1706,966,280,0,5005,2410,10,10,10,37,-,3.7378ns,-,-,-,-,32,-,-
BF,1,454,5639,10,4483,936,180,0,9347,4531,10,10,10,40,-,3.211ns,-,-,-,-,24,-,-
BF,1,456,1711,8,583,816,257,0,2869,1369,9,9,9,55,-,2.7448ns,-,-,-,-,31,-,-
BF,1,457,1684,8,583,810,239,0,2804,1340,9,9,9,52,-,2.7448ns,-,-,-,-,31,-,-
BF,1,458,1683,9,583,804,256,0,2843,1362,9,9,9,40,-,2.7448ns,-,-,-,-,39,-,-
BF,1,459,1656,9,583,798,238,0,2778,1333,9,9,9,37,-,2.7448ns,-,-,-,-,39,-,-
BF,1,460,1685,8,589,780,270,0,2902,1383,8,8,8,46,-,2.7448ns,-,-,-,-,34,-,-
BF,1,461,1634,8,589,780,230,0,2744,1319,8,8,8,35,-,2.7448ns,-,-,-,-,34,-,-
BF,1,462,3071,10,1684,1002,320,0,5211,2504,10,10,10,65,-,3.5948ns,-,-,-,-,28,-,-
BF,1,463,2964,10,1686,966,274,0,4981,2399,10,10,10,38,-,3.7378ns,-,-,-,-,28,-,-
BF,1,464,5494,8,4483,834,143,0,9091,4412,8,8,8,34,-,3.211ns,-,-,-,-,18,-,-
BF,1,466,1742,8,583,822,274,0,2974,1417,9,9,9,63,-,2.7448ns,-,-,-,-,27,-,-
BF,1,467,1681,8,583,810,236,0,2818,1350,9,9,9,52,-,2.7448ns,-,-,-,-,27,-,-
BF,1,468,1714,9,583,810,273,0,2948,1410,9,9,9,48,-,2.7448ns,-,-,-,-,35,-,-
BF,1,469,1653,9,583,798,235,0,2792,1343,9,9,9,37,-,2.7448ns,-,-,-,-,35,-,-
BF,1,470,1667,14,584,774,252,0,2942,1416,14,14,14,57,-,2.7448ns,-,-,-,-,38,-,-
BF,1,471,1667,14,584,774,252,0,2942,1416,14,14,14,57,-,2.7448ns,-,-,-,-,38,-,-
BF,1,472,3024,16,1679,990,294,0,5178,2500,16,16,16,61,-,3.5948ns,-,-,-,-,32,-,-
BF,1,473,3024,16,1679,990,294,0,5178,2500,16,16,16,61,-,3.5948ns,-,-,-,-,32,-,-
BF,1,474,5714,13,4478,984,206,0,9553,4617,13,13,13,46,-,3.2109ns,-,-,-,-,21,-,-
BF,1,475,5549,12,4178,1002,323,0,9292,4371,12,12,12,46,-,3.291ns,-,-,-,-,20,-,-
BF,1,476,1718,14,578,816,251,0,2974,1431,15,15,15,73,-,2.7448ns,-,-,-,-,31,-,-
BF,1,477,1718,14,578,816,251,0,2974,1431,15,15,15,73,-,2.7448ns,-,-,-,-,31,-,-
BF,1,478,1686,15,578,798,252,0,2941,1417,15,15,15,58,-,2.7448ns,-,-,-,-,39,-,-
BF,1,479,1686,15,578,798,252,0,2941,1417,15,15,15,58,-,2.7448ns,-,-,-,-,39,-,-
BF,1,480,2724,5,596,1632,443,15,4200,1932,5,5,5,38,0,2.9648ns,-,-,-,-,28,-,-
BF,1,481,2724,5,596,1632,443,15,4200,1932,5,5,5,38,0,2.9648ns,-,-,-,-,28,-,-
BF,1,482,3895,7,1703,1632,503,15,6289,2923,7,7,7,42,0,3.1378ns,-,-,-,-,28,-,-
BF,1,483,3895,7,1703,1632,503,15,6289,2923,7,7,7,42,0,3.1378ns,-,-,-,-,28,-,-
BF,1,484,6403,4,4496,1524,333,15,10352,4949,4,4,4,35,0,3.2109ns,-,-,-,-,19,-,-
BF,1,485,6403,4,4496,1524,333,15,10352,4949,4,4,4,35,0,3.2109ns,-,-,-,-,19,-,-
BF,1,486,2228,6,602,1200,372,15,3578,1650,6,6,6,39,0,3.0328ns,-,-,-,-,29,-,-
BF,1,487,2228,6,602,1200,372,15,3578,1650,6,6,6,39,0,3.0328ns,-,-,-,-,29,-,-
BF,1,490,2796,5,588,1680,473,14,4318,1986,5,5,5,41,0,3.0661ns,-,-,-,-,24,-,-
BF,1,491,2776,5,588,1680,455,14,4259,1961,5,5,5,39,0,2.9055ns,-,-,-,-,24,-,-
BF,1,492,4013,7,1695,1680,575,14,6532,3027,7,7,7,49,0,3.2891ns,-,-,-,-,24,-,-
BF,1,493,3967,7,1717,1680,513,14,6389,2978,7,7,7,43,0,3.1328ns,-,-,-,-,24,-,-
BF,1,494,6456,4,4488,1572,346,14,10416,4980,4,4,4,36,0,3.2109ns,-,-,-,-,15,-,-
BF,1,496,2300,6,594,1248,402,14,3696,1704,6,6,6,42,0,3.1541ns,-,-,-,-,25,-,-
BF,1,497,2280,6,594,1248,384,14,3637,1679,6,6,6,40,0,3.0035ns,-,-,-,-,25,-,-
BF,1,500,2943,5,583,1776,523,12,4549,2091,5,5,5,49,0,3.0421ns,-,-,-,-,22,-,-
BF,1,501,2897,5,583,1776,485,12,4407,2034,5,5,5,41,0,2.7848ns,-,-,-,-,22,-,-
BF,1,502,4210,7,1690,1776,663,12,6911,3187,7,7,7,69,0,3.3151ns,-,-,-,-,22,-,-
BF,1,503,4066,7,1692,1776,540,12,6499,3030,7,7,7,46,0,3.1328ns,-,-,-,-,22,-,-
BF,1,504,6578,4,4483,1668,377,12,10569,5055,4,4,4,38,0,3.2109ns,-,-,-,-,13,-,-
BF,1,506,2447,6,589,1344,452,12,3927,1809,6,6,6,50,0,3.1301ns,-,-,-,-,23,-,-
BF,1,507,2401,6,589,1344,414,12,3785,1752,6,6,6,42,0,2.9028ns,-,-,-,-,23,-,-
BF,1,510,2648,3,578,1626,419,0,3976,1829,3,3,3,25,0,2.7448ns,-,-,-,-,19,-,-
BF,1,511,2648,3,578,1626,419,0,3976,1829,3,3,3,25,0,2.7448ns,-,-,-,-,19,-,-
BF,1,512,3821,5,1685,1632,477,0,6060,2825,5,5,5,27,0,3.1328ns,-,-,-,-,19,-,-
BF,1,513,3821,5,1685,1632,477,0,6060,2825,5,5,5,27,0,3.1328ns,-,-,-,-,19,-,-
BF,1,514,6209,3,4478,1476,234,0,9889,4773,3,3,3,21,0,3.2109ns,-,-,-,-,11,-,-
BF,1,515,6209,3,4478,1476,234,0,9889,4773,3,3,3,21,0,3.2109ns,-,-,-,-,11,-,-
BF,1,516,2152,4,584,1194,348,0,3352,1546,4,4,4,26,0,2.7448ns,-,-,-,-,20,-,-
BF,1,517,2152,4,584,1194,348,0,3352,1546,4,4,4,26,0,2.7448ns,-,-,-,-,20,-,-
BF,1,520,3011,5,632,1620,701,24,5049,2187,5,5,5,34,0,2.9648ns,-,-,-,-,22,-,-
BF,1,521,2415,5,614,1332,427,18,3822,1744,5,5,5,24,0,2.9648ns,-,-,-,-,22,-,-
BF,1,522,4270,7,1733,1620,829,24,7573,3293,7,7,7,64,0,3.3801ns,-,-,-,-,22,-,-
BF,1,523,3570,7,1717,1332,474,18,5868,2720,7,7,7,29,0,3.1378ns,-,-,-,-,22,-,-
BF,1,524,6644,4,4517,1512,565,24,10991,5137,4,4,4,26,0,3.2109ns,-,-,-,-,13,-,-
BF,1,526,2513,6,623,1200,631,24,4411,1897,6,6,6,35,0,3.0328ns,-,-,-,-,23,-,-
BF,1,527,1922,6,614,912,353,18,3183,1456,6,6,6,25,0,3.0328ns,-,-,-,-,23,-,-
BF,1,530,3084,5,624,1668,731,23,5171,2245,5,5,5,38,0,3.0661ns,-,-,-,-,18,-,-
BF,1,531,2468,5,606,1380,439,17,3885,1777,5,5,5,26,0,2.9055ns,-,-,-,-,18,-,-
BF,1,532,4389,7,1725,1668,901,23,7818,3400,7,7,7,72,0,3.3801ns,-,-,-,-,18,-,-
BF,1,533,3616,7,1704,1380,484,17,5921,2751,7,7,7,31,0,3.0375ns,-,-,-,-,18,-,-
BF,1,534,6697,4,4509,1560,578,23,11058,5170,4,4,4,27,0,3.2109ns,-,-,-,-,9,-,-
BF,1,536,2586,6,615,1248,661,23,4537,1958,6,6,6,39,0,3.1541ns,-,-,-,-,19,-,-
BF,1,537,1975,6,606,960,365,17,3250,1492,6,6,6,27,0,3.0035ns,-,-,-,-,19,-,-
BF,1,540,3247,5,619,1764,798,21,5431,2369,5,5,5,45,0,3.0921ns,-,-,-,-,16,-,-
BF,1,541,2605,5,601,1476,486,15,4062,1869,5,5,5,27,0,2.8348ns,-,-,-,-,16,-,-
BF,1,542,4602,7,1720,1764,1006,21,8224,3578,7,7,7,91,0,3.4301ns,-,-,-,-,16,-,-
BF,1,543,3727,7,1677,1476,527,15,6043,2814,7,7,7,32,0,3.0875ns,-,-,-,-,16,-,-
BF,1,544,6819,4,4504,1656,608,21,11219,5254,4,4,4,30,0,3.2109ns,-,-,-,-,7,-,-
BF,1,546,2733,6,610,1344,711,21,4768,2064,6,6,6,47,0,3.1301ns,-,-,-,-,17,-,-
BF,1,547,2096,6,601,1056,395,15,3398,1566,6,6,6,29,0,2.9028ns,-,-,-,-,17,-,-
BF,1,550,2951,3,614,1614,694,9,4856,2102,3,3,3,20,0,2.9421ns,-,-,-,-,13,-,-
BF,1,551,2355,3,596,1326,420,3,3629,1659,3,3,3,10,0,2.7948ns,-,-,-,-,13,-,-
BF,1,552,4219,5,1715,1620,827,9,7396,3217,5,5,5,48,0,3.4301ns,-,-,-,-,13,-,-
BF,1,553,3519,5,1699,1332,472,3,5691,2644,5,5,5,13,0,3.1828ns,-,-,-,-,13,-,-
BF,1,554,6450,3,4499,1464,465,9,10539,4968,3,3,3,13,0,3.2109ns,-,-,-,-,5,-,-
BF,1,556,2438,4,605,1194,607,9,4193,1799,4,4,4,23,0,2.8921ns,-,-,-,-,14,-,-
BF,1,557,1847,4,596,906,329,3,2965,1358,4,4,4,13,0,2.7448ns,-,-,-,-,14,-,-
BF,1,560,2187,4,596,1194,366,15,3427,1565,4,4,4,16,0,2.9648ns,-,-,-,-,19,-,-
BF,1,561,2187,4,596,1194,366,15,3427,1565,4,4,4,16,0,2.9648ns,-,-,-,-,19,-,-
BF,1,562,3531,6,1697,1392,408,15,5638,2640,6,6,6,19,0,3.1378ns,-,-,-,-,19,-,-
BF,1,563,3531,6,1697,1392,408,15,5638,2640,6,6,6,19,0,3.1378ns,-,-,-,-,19,-,-
BF,1,564,5854,3,4481,1092,253,15,9544,4577,3,3,3,13,0,3.2109ns,-,-,-,-,10,-,-
BF,1,565,5854,3,4481,1092,253,15,9544,4577,3,3,3,13,0,3.2109ns,-,-,-,-,10,-,-
BF,1,566,2196,5,596,1200,368,15,3454,1580,5,5,5,17,0,3.0328ns,-,-,-,-,20,-,-
BF,1,567,2196,5,596,1200,368,15,3454,1580,5,5,5,17,0,3.0328ns,-,-,-,-,20,-,-
BF,1,570,2260,4,588,1242,396,14,3551,1623,4,4,4,20,0,3.0361ns,-,-,-,-,15,-,-
BF,1,571,2240,4,588,1242,378,14,3492,1598,4,4,4,18,0,2.9055ns,-,-,-,-,15,-,-
BF,1,572,3642,6,1689,1440,472,14,5861,2738,6,6,6,27,0,3.2891ns,-,-,-,-,15,-,-
BF,1,573,3604,6,1711,1440,418,14,5743,2698,6,6,6,21,0,3.1328ns,-,-,-,-,15,-,-
BF,1,574,5902,3,4473,1134,267,14,9609,4609,3,3,3,14,0,3.2109ns,-,-,-,-,6,-,-
BF,1,576,2269,5,588,1248,398,14,3578,1638,5,5,5,21,0,3.1541ns,-,-,-,-,16,-,-
BF,1,577,2249,5,588,1248,380,14,3519,1613,5,5,5,19,0,3.0035ns,-,-,-,-,16,-,-
BF,1,580,2407,4,583,1338,446,12,3782,1729,4,4,4,28,0,2.9921ns,-,-,-,-,13,-,-
BF,1,581,2361,4,583,1338,408,12,3640,1672,4,4,4,20,0,2.7748ns,-,-,-,-,13,-,-
BF,1,582,3839,6,1684,1536,560,12,6241,2900,6,6,6,47,0,3.3151ns,-,-,-,-,13,-,-
BF,1,583,3703,6,1686,1536,445,12,5854,2752,6,6,6,24,0,3.1328ns,-,-,-,-,13,-,-
BF,1,584,6019,3,4468,1224,299,12,9763,4685,3,3,3,16,0,3.2109ns,-,-,-,-,4,-,-
BF,1,586,2416,5,583,1344,448,12,3809,1744,5,5,5,29,0,3.1301ns,-,-,-,-,14,-,-
BF,1,587,2370,5,583,1344,410,12,3667,1687,5,5,5,21,0,2.9028ns,-,-,-,-,14,-,-
BF,1,590,2076,2,578,1188,309,0,3062,1426,2,2,2,1,0,2.7248ns,-,-,-,-,10,-,-
BF,1,591,2076,2,578,1188,309,0,3062,1426,2,2,2,1,0,2.7248ns,-,-,-,-,10,-,-
BF,1,592,3439,4,1679,1386,368,0,5382,2554,4,4,4,6,0,3.1328ns,-,-,-,-,10,-,-
BF,1,593,3439,4,1679,1386,368,0,5382,2554,4,4,4,6,0,3.1328ns,-,-,-,-,10,-,-
BF,1,594,4991,1,4463,528,0,0,7952,3906,1,1,1,0,0,3.1409ns,-,-,-,-,1,-,-
BF,1,595,4991,1,4463,528,0,0,7952,3906,1,1,1,0,0,3.1409ns,-,-,-,-,1,-,-
BF,1,596,2112,3,578,1194,336,0,3214,1494,3,3,3,4,0,2.7448ns,-,-,-,-,11,-,-
BF,1,597,2112,3,578,1194,336,0,3214,1494,3,3,3,4,0,2.7448ns,-,-,-,-,11,-,-
BF,1,600,2229,6,602,1200,373,15,3581,1654,6,6,6,39,0,2.9648ns,-,-,-,-,29,-,-
BF,1,601,2229,6,602,1200,373,15,3581,1654,6,6,6,39,0,2.9648ns,-,-,-,-,29,-,-
BF,1,602,3562,8,1697,1392,417,15,5785,2717,8,8,8,41,0,3.1378ns,-,-,-,-,29,-,-
BF,1,603,3562,8,1697,1392,417,15,5785,2717,8,8,8,41,0,3.1378ns,-,-,-,-,29,-,-
BF,1,604,5908,5,4496,1098,264,15,9731,4668,5,5,5,35,0,3.2109ns,-,-,-,-,20,-,-
BF,1,605,5908,5,4496,1098,264,15,9731,4668,5,5,5,35,0,3.2109ns,-,-,-,-,20,-,-
BF,1,606,2225,7,596,1200,374,15,3575,1651,7,7,7,40,0,3.0328ns,-,-,-,-,30,-,-
BF,1,607,2225,7,596,1200,374,15,3575,1651,7,7,7,40,0,3.0328ns,-,-,-,-,30,-,-
BF,1,610,2301,6,594,1248,403,14,3699,1708,6,6,6,42,0,3.0661ns,-,-,-,-,25,-,-
BF,1,611,2281,6,594,1248,385,14,3640,1683,6,6,6,40,0,2.9055ns,-,-,-,-,25,-,-
BF,1,612,3672,8,1689,1440,481,14,6003,2812,8,8,8,48,0,3.2891ns,-,-,-,-,25,-,-
BF,1,613,3634,8,1711,1440,427,14,5885,2772,8,8,8,42,0,3.1328ns,-,-,-,-,25,-,-
BF,1,614,5961,5,4488,1146,277,14,9795,4699,5,5,5,36,0,3.2109ns,-,-,-,-,16,-,-
BF,1,616,2297,7,588,1248,404,14,3693,1705,7,7,7,43,0,3.1541ns,-,-,-,-,26,-,-
BF,1,617,2277,7,588,1248,386,14,3634,1680,7,7,7,41,0,3.0035ns,-,-,-,-,26,-,-
BF,1,620,2448,6,589,1344,453,12,3930,1813,6,6,6,50,0,3.0421ns,-,-,-,-,23,-,-
BF,1,621,2402,6,589,1344,415,12,3788,1756,6,6,6,42,0,2.7848ns,-,-,-,-,23,-,-
BF,1,622,3869,8,1684,1536,569,12,6382,2972,8,8,8,68,0,3.3151ns,-,-,-,-,23,-,-
BF,1,623,3733,8,1686,1536,454,12,5995,2824,8,8,8,45,0,3.1328ns,-,-,-,-,23,-,-
BF,1,624,6083,5,4483,1242,308,12,9948,4774,5,5,5,38,0,3.2109ns,-,-,-,-,14,-,-
BF,1,626,2444,7,583,1344,454,12,3924,1810,7,7,7,51,0,3.1301ns,-,-,-,-,24,-,-
BF,1,627,2398,7,583,1344,416,12,3782,1753,7,7,7,43,0,2.9028ns,-,-,-,-,24,-,-
BF,1,630,2153,4,584,1194,349,0,3353,1548,4,4,4,26,0,2.7448ns,-,-,-,-,20,-,-
BF,1,631,2153,4,584,1194,349,0,3353,1548,4,4,4,26,0,2.7448ns,-,-,-,-,20,-,-
BF,1,632,3490,6,1679,1392,391,0,5565,2625,6,6,6,28,0,3.1328ns,-,-,-,-,20,-,-
BF,1,633,3490,6,1679,1392,391,0,5565,2625,6,6,6,28,0,3.1328ns,-,-,-,-,20,-,-
BF,1,634,5706,3,4478,1044,162,0,9243,4477,3,3,3,22,0,3.2109ns,-,-,-,-,11,-,-
BF,1,635,5706,3,4478,1044,162,0,9243,4477,3,3,3,22,0,3.2109ns,-,-,-,-,11,-,-
BF,1,636,2156,5,578,1200,351,0,3364,1554,5,5,5,27,0,2.7448ns,-,-,-,-,21,-,-
BF,1,637,2156,5,578,1200,351,0,3364,1554,5,5,5,27,0,2.7448ns,-,-,-,-,21,-,-
FCNT_A,1,67,1187,7,601,366,165,0,2225,1084,8,8,8,55,-,2.4076ns,-,-,-,-,20,-,-
FCNT_A,1,1010101010,1187,7,601,366,165,0,2225,1084,8,8,8,55,-,2.4076ns,-,-,-,-,20,-,-
FCNT_A,1,99999,1187,7,601,366,165,0,2225,1084,8,8,8,55,-,2.4076ns,-,-,-,-,20,-,-
FCNT_A,1,88888,1187,7,601,366,165,0,2225,1084,8,8,8,55,-,2.4076ns,-,-,-,-,20,-,-
FCNT_A,1,77777,1187,7,601,366,165,0,2225,1084,8,8,8,55,-,2.4076ns,-,-,-,-,20,-,-
FCNT_A,1,66666,1187,7,601,366,165,0,2225,1084,8,8,8,55,-,2.4076ns,-,-,-,-,20,-,-
FCNT_A,1,55555,1187,7,601,366,165,0,2225,1084,8,8,8,55,-,2.4076ns,-,-,-,-,20,-,-
FCNT_A,1,44444,1187,7,601,366,165,0,2225,1084,8,8,8,55,-,2.4076ns,-,-,-,-,20,-,-
FCNT_A,1,33333,1187,7,601,366,165,0,2225,1084,8,8,8,55,-,2.4076ns,-,-,-,-,20,-,-
FCNT_A,1,22222,1187,7,601,366,165,0,2225,1084,8,8,8,55,-,2.4076ns,-,-,-,-,20,-,-
FCNT_A,1,11111,1187,7,601,366,165,0,2225,1084,8,8,8,55,-,2.4076ns,-,-,-,-,20,-,-
FCNT_A,1,110,1111,12,578,342,158,0,2109,1004,12,12,12,33,-,2.4076ns,-,-,-,-,28,-,-
FCNT_A,1,1010101010,1111,12,578,342,158,0,2109,1004,12,12,12,33,-,2.4076ns,-,-,-,-,28,-,-
FCNT_A,1,99999,1111,12,578,342,158,0,2109,1004,12,12,12,33,-,2.4076ns,-,-,-,-,28,-,-
FCNT_A,1,88888,1111,12,578,342,158,0,2109,1004,12,12,12,33,-,2.4076ns,-,-,-,-,28,-,-
FCNT_A,1,77777,1111,12,578,342,158,0,2109,1004,12,12,12,33,-,2.4076ns,-,-,-,-,28,-,-
FCNT_A,1,66666,1111,12,578,342,158,0,2109,1004,12,12,12,33,-,2.4076ns,-,-,-,-,28,-,-
FCNT_A,1,55555,1111,12,578,342,158,0,2109,1004,12,12,12,33,-,2.4076ns,-,-,-,-,28,-,-
FCNT_A,1,44444,1111,12,578,342,158,0,2109,1004,12,12,12,33,-,2.4076ns,-,-,-,-,28,-,-
FCNT_A,1,33333,1111,12,578,342,158,0,2109,1004,12,12,12,33,-,2.4076ns,-,-,-,-,28,-,-
FCNT_A,1,22222,1111,12,578,342,158,0,2109,1004,12,12,12,33,-,2.4076ns,-,-,-,-,28,-,-
FCNT_A,1,11111,1111,12,578,342,158,0,2109,1004,12,12,12,33,-,2.4076ns,-,-,-,-,28,-,-
FCNT_A,1,116,1145,12,578,360,158,0,2147,1022,13,13,13,49,-,2.4076ns,-,-,-,-,21,-,-
FCNT_A,1,1010101010,1145,12,578,360,158,0,2147,1022,13,13,13,49,-,2.4076ns,-,-,-,-,21,-,-
FCNT_A,1,99999,1145,12,578,360,158,0,2147,1022,13,13,13,49,-,2.4076ns,-,-,-,-,21,-,-
FCNT_A,1,88888,1145,12,578,360,158,0,2147,1022,13,13,13,49,-,2.4076ns,-,-,-,-,21,-,-
FCNT_A,1,77777,1145,12,578,360,158,0,2147,1022,13,13,13,49,-,2.4076ns,-,-,-,-,21,-,-
FCNT_A,1,66666,1145,12,578,360,158,0,2147,1022,13,13,13,49,-,2.4076ns,-,-,-,-,21,-,-
FCNT_A,1,55555,1145,12,578,360,158,0,2147,1022,13,13,13,49,-,2.4076ns,-,-,-,-,21,-,-
FCNT_A,1,44444,1145,12,578,360,158,0,2147,1022,13,13,13,49,-,2.4076ns,-,-,-,-,21,-,-
FCNT_A,1,33333,1145,12,578,360,158,0,2147,1022,13,13,13,49,-,2.4076ns,-,-,-,-,21,-,-
FCNT_A,1,22222,1145,12,578,360,158,0,2147,1022,13,13,13,49,-,2.4076ns,-,-,-,-,21,-,-
FCNT_A,1,11111,1145,12,578,360,158,0,2147,1022,13,13,13,49,-,2.4076ns,-,-,-,-,21,-,-
FCNT_A,1,237,1734,4,596,804,285,0,2878,1334,5,5,5,49,-,2.7448ns,-,-,-,-,15,-,-
FCNT_A,1,1010101010,1734,4,596,804,285,0,2878,1334,5,5,5,49,-,2.7448ns,-,-,-,-,15,-,-
FCNT_A,1,99999,1734,4,596,804,285,0,2878,1334,5,5,5,49,-,2.7448ns,-,-,-,-,15,-,-
FCNT_A,1,88888,1734,4,596,804,285,0,2878,1334,5,5,5,49,-,2.7448ns,-,-,-,-,15,-,-
FCNT_A,1,77777,1734,4,596,804,285,0,2878,1334,5,5,5,49,-,2.7448ns,-,-,-,-,15,-,-
FCNT_A,1,66666,1734,4,596,804,285,0,2878,1334,5,5,5,49,-,2.7448ns,-,-,-,-,15,-,-
FCNT_A,1,55555,1734,4,596,804,285,0,2878,1334,5,5,5,49,-,2.7448ns,-,-,-,-,15,-,-
FCNT_A,1,44444,1734,4,596,804,285,0,2878,1334,5,5,5,49,-,2.7448ns,-,-,-,-,15,-,-
FCNT_A,1,33333,1734,4,596,804,285,0,2878,1334,5,5,5,49,-,2.7448ns,-,-,-,-,15,-,-
FCNT_A,1,22222,1734,4,596,804,285,0,2878,1334,5,5,5,49,-,2.7448ns,-,-,-,-,15,-,-
FCNT_A,1,11111,1734,4,596,804,285,0,2878,1334,5,5,5,49,-,2.7448ns,-,-,-,-,15,-,-
FCNT_A,1,274,4991,1,4463,528,0,0,7952,3906,1,1,1,0,0,3.1409ns,-,-,-,-,1,-,-
FCNT_A,1,1010101010,2406,10,622,1254,513,0,4114,1773,10,10,10,17,0,2.5971ns,-,-,-,-,10,-,-
FCNT_A,1,99999,2954,5,1237,1242,470,0,5008,2261,5,5,5,5,0,2.5659ns,-,-,-,-,5,-,-
FCNT_A,1,88888,3191,4,1639,1188,360,0,5229,2435,4,4,4,4,0,2.4459ns,-,-,-,-,4,-,-
FCNT_A,1,77777,3338,3,2041,1044,250,0,5420,2590,3,3,3,3,0,2.3659ns,-,-,-,-,3,-,-
FCNT_A,1,66666,3756,2,2649,930,177,0,6087,2953,2,2,2,0,0,3.3509ns,-,-,-,-,2,-,-
FCNT_A,1,55555,3756,2,2649,930,177,0,6087,2953,2,2,2,0,0,3.3509ns,-,-,-,-,2,-,-
FCNT_A,1,44444,4126,2,3051,930,145,0,6577,3196,2,2,2,0,0,3.3509ns,-,-,-,-,2,-,-
FCNT_A,1,33333,4881,2,3659,1110,112,0,7602,3715,2,2,2,0,0,3.2809ns,-,-,-,-,2,-,-
FCNT_A,1,22222,5123,2,4061,966,96,0,8076,3940,2,2,2,0,0,3.2109ns,-,-,-,-,2,-,-
FCNT_A,1,11111,4991,1,4463,528,0,0,7952,3906,1,1,1,0,0,3.1409ns,-,-,-,-,1,-,-
FCNT_A,1,427,1656,6,583,810,234,0,2699,1285,7,7,7,29,-,2.7448ns,-,-,-,-,17,-,-
FCNT_A,1,1010101010,1656,6,583,810,234,0,2699,1285,7,7,7,29,-,2.7448ns,-,-,-,-,17,-,-
FCNT_A,1,99999,1656,6,583,810,234,0,2699,1285,7,7,7,29,-,2.7448ns,-,-,-,-,17,-,-
FCNT_A,1,88888,1656,6,583,810,234,0,2699,1285,7,7,7,29,-,2.7448ns,-,-,-,-,17,-,-
FCNT_A,1,77777,1656,6,583,810,234,0,2699,1285,7,7,7,29,-,2.7448ns,-,-,-,-,17,-,-
FCNT_A,1,66666,1656,6,583,810,234,0,2699,1285,7,7,7,29,-,2.7448ns,-,-,-,-,17,-,-
FCNT_A,1,55555,1656,6,583,810,234,0,2699,1285,7,7,7,29,-,2.7448ns,-,-,-,-,17,-,-
FCNT_A,1,44444,1656,6,583,810,234,0,2699,1285,7,7,7,29,-,2.7448ns,-,-,-,-,17,-,-
FCNT_A,1,33333,1656,6,583,810,234,0,2699,1285,7,7,7,29,-,2.7448ns,-,-,-,-,17,-,-
FCNT_A,1,22222,1656,6,583,810,234,0,2699,1285,7,7,7,29,-,2.7448ns,-,-,-,-,17,-,-
FCNT_A,1,11111,1656,6,583,810,234,0,2699,1285,7,7,7,29,-,2.7448ns,-,-,-,-,17,-,-
FCNT_A,1,557,1847,4,596,906,329,3,2965,1358,4,4,4,13,0,2.7448ns,-,-,-,-,14,-,-
FCNT_A,1,1010101010,1847,4,596,906,329,3,2965,1358,4,4,4,13,0,2.7448ns,-,-,-,-,14,-,-
FCNT_A,1,99999,1847,4,596,906,329,3,2965,1358,4,4,4,13,0,2.7448ns,-,-,-,-,14,-,-
FCNT_A,1,88888,1847,4,596,906,329,3,2965,1358,4,4,4,13,0,2.7448ns,-,-,-,-,14,-,-
FCNT_A,1,77777,1847,4,596,906,329,3,2965,1358,4,4,4,13,0,2.7448ns,-,-,-,-,14,-,-
FCNT_A,1,66666,1847,4,596,906,329,3,2965,1358,4,4,4,13,0,2.7448ns,-,-,-,-,14,-,-
FCNT_A,1,55555,1847,4,596,906,329,3,2965,1358,4,4,4,13,0,2.7448ns,-,-,-,-,14,-,-
FCNT_A,1,44444,1847,4,596,906,329,3,2965,1358,4,4,4,13,0,2.7448ns,-,-,-,-,14,-,-
FCNT_A,1,33333,1847,4,596,906,329,3,2965,1358,4,4,4,13,0,2.7448ns,-,-,-,-,14,-,-
FCNT_A,1,22222,1847,4,596,906,329,3,2965,1358,4,4,4,13,0,2.7448ns,-,-,-,-,14,-,-
FCNT_A,1,11111,1847,4,596,906,329,3,2965,1358,4,4,4,13,0,2.7448ns,-,-,-,-,14,-,-
FCNT_A,1,590,2076,2,578,1188,309,0,3062,1426,2,2,2,1,0,2.7248ns,-,-,-,-,10,-,-
FCNT_A,1,88888,2076,2,578,1188,309,0,3062,1426,2,2,2,1,0,2.7248ns,-,-,-,-,10,-,-
FCNT_A,1,77777,2076,2,578,1188,309,0,3062,1426,2,2,2,1,0,2.7248ns,-,-,-,-,10,-,-
FCNT_A,1,66666,2076,2,578,1188,309,0,3062,1426,2,2,2,1,0,2.7248ns,-,-,-,-,10,-,-
FCNT_A,1,55555,2076,2,578,1188,309,0,3062,1426,2,2,2,1,0,2.7248ns,-,-,-,-,10,-,-
FCNT_A,1,44444,2076,2,578,1188,309,0,3062,1426,2,2,2,1,0,2.7248ns,-,-,-,-,10,-,-
FCNT_A,1,33333,2076,2,578,1188,309,0,3062,1426,2,2,2,1,0,2.7248ns,-,-,-,-,10,-,-
FCNT_A,1,22222,2076,2,578,1188,309,0,3062,1426,2,2,2,1,0,2.7248ns,-,-,-,-,10,-,-
FCNT_A,1,11111,2076,2,578,1188,309,0,3062,1426,2,2,2,1,0,2.7248ns,-,-,-,-,10,-,-
GO,1,0,1636,7,587,768,249,0,2750,1310,7,7,7,32,-,2.4076ns,-,-,-,-,45,-,-
GO,1,1,1636,7,587,768,249,0,2750,1310,7,7,7,32,-,2.4076ns,-,-,-,-,45,-,-
GO,1,2,5138,11,4463,552,106,0,8602,4155,11,11,11,17,-,3.2109ns,-,-,-,-,11,-,-
GO,1,3,5138,11,4463,552,106,0,8602,4155,11,11,11,17,-,3.2109ns,-,-,-,-,11,-,-
GO,1,4,1690,13,578,774,288,0,2971,1425,13,13,13,50,-,2.4576ns,-,-,-,-,37,-,-
GO,1,5,1690,13,578,774,288,0,2971,1425,13,13,13,50,-,2.4576ns,-,-,-,-,37,-,-
GO,1,6,2724,5,596,1632,443,15,4200,1932,5,5,5,38,0,2.9648ns,-,-,-,-,28,-,-
GO,1,7,2724,5,596,1632,443,15,4200,1932,5,5,5,38,0,2.9648ns,-,-,-,-,28,-,-
GO,1,8,4991,1,4463,528,0,0,7952,3906,1,1,1,0,0,3.1409ns,-,-,-,-,1,-,-
GO,1,9,4991,1,4463,528,0,0,7952,3906,1,1,1,0,0,3.1409ns,-,-,-,-,1,-,-
GO,1,10,2648,3,578,1626,419,0,3976,1829,3,3,3,25,0,2.7448ns,-,-,-,-,19,-,-
GO,1,11,2648,3,578,1626,419,0,3976,1829,3,3,3,25,0,2.7448ns,-,-,-,-,19,-,-
GO,1,12,2724,5,596,1632,443,15,4200,1932,5,5,5,38,0,2.9648ns,-,-,-,-,28,-,-
GO,1,13,2724,5,596,1632,443,15,4200,1932,5,5,5,38,0,2.9648ns,-,-,-,-,28,-,-
GO,1,14,4991,1,4463,528,0,0,7952,3906,1,1,1,0,0,3.1409ns,-,-,-,-,1,-,-
GO,1,15,4991,1,4463,528,0,0,7952,3906,1,1,1,0,0,3.1409ns,-,-,-,-,1,-,-
GO,1,16,2648,3,578,1626,419,0,3976,1829,3,3,3,25,0,2.7448ns,-,-,-,-,19,-,-
GO,1,17,2648,3,578,1626,419,0,3976,1829,3,3,3,25,0,2.7448ns,-,-,-,-,19,-,-
GO,1,18,2724,5,596,1632,443,15,4200,1932,5,5,5,38,0,2.9648ns,-,-,-,-,28,-,-
GO,1,19,2724,5,596,1632,443,15,4200,1932,5,5,5,38,0,2.9648ns,-,-,-,-,28,-,-
GO,1,20,4991,1,4463,528,0,0,7952,3906,1,1,1,0,0,3.1409ns,-,-,-,-,1,-,-
GO,1,21,4991,1,4463,528,0,0,7952,3906,1,1,1,0,0,3.1409ns,-,-,-,-,1,-,-
GO,1,22,2648,3,578,1626,419,0,3976,1829,3,3,3,25,0,2.7448ns,-,-,-,-,19,-,-
GO,1,23,2648,3,578,1626,419,0,3976,1829,3,3,3,25,0,2.7448ns,-,-,-,-,19,-,-
FCNT_B,1,0,1636,7,587,768,249,0,2750,1310,7,7,7,32,-,2.4076ns,-,-,-,-,45,-,-
FCNT_B,1,1010101010,1636,7,587,768,249,0,2750,1310,7,7,7,32,-,2.4076ns,-,-,-,-,45,-,-
FCNT_B,1,99999,1636,7,587,768,249,0,2750,1310,7,7,7,32,-,2.4076ns,-,-,-,-,45,-,-
FCNT_B,1,88888,1636,7,587,768,249,0,2750,1310,7,7,7,32,-,2.4076ns,-,-,-,-,45,-,-
FCNT_B,1,77777,1636,7,587,768,249,0,2750,1310,7,7,7,32,-,2.4076ns,-,-,-,-,45,-,-
FCNT_B,1,66666,1636,7,587,768,249,0,2750,1310,7,7,7,32,-,2.4076ns,-,-,-,-,45,-,-
FCNT_B,1,55555,1636,7,587,768,249,0,2750,1310,7,7,7,32,-,2.4076ns,-,-,-,-,45,-,-
FCNT_B,1,44444,1636,7,587,768,249,0,2750,1310,7,7,7,32,-,2.4076ns,-,-,-,-,45,-,-
FCNT_B,1,33333,1636,7,587,768,249,0,2750,1310,7,7,7,32,-,2.4076ns,-,-,-,-,45,-,-
FCNT_B,1,22222,1636,7,587,768,249,0,2750,1310,7,7,7,32,-,2.4076ns,-,-,-,-,45,-,-
FCNT_B,1,11111,1636,7,587,768,249,0,2750,1310,7,7,7,32,-,2.4076ns,-,-,-,-,45,-,-
FCNT_B,1,4,1690,13,578,774,288,0,2971,1425,13,13,13,50,-,2.4576ns,-,-,-,-,37,-,-
FCNT_B,1,1010101010,1690,13,578,774,288,0,2971,1425,13,13,13,50,-,2.4576ns,-,-,-,-,37,-,-
FCNT_B,1,99999,1690,13,578,774,288,0,2971,1425,13,13,13,50,-,2.4576ns,-,-,-,-,37,-,-
FCNT_B,1,88888,1690,13,578,774,288,0,2971,1425,13,13,13,50,-,2.4576ns,-,-,-,-,37,-,-
FCNT_B,1,77777,1690,13,578,774,288,0,2971,1425,13,13,13,50,-,2.4576ns,-,-,-,-,37,-,-
FCNT_B,1,66666,1690,13,578,774,288,0,2971,1425,13,13,13,50,-,2.4576ns,-,-,-,-,37,-,-
FCNT_B,1,55555,1690,13,578,774,288,0,2971,1425,13,13,13,50,-,2.4576ns,-,-,-,-,37,-,-
FCNT_B,1,44444,1690,13,578,774,288,0,2971,1425,13,13,13,50,-,2.4576ns,-,-,-,-,37,-,-
FCNT_B,1,33333,1690,13,578,774,288,0,2971,1425,13,13,13,50,-,2.4576ns,-,-,-,-,37,-,-
FCNT_B,1,22222,1690,13,578,774,288,0,2971,1425,13,13,13,50,-,2.4576ns,-,-,-,-,37,-,-
FCNT_B,1,11111,1690,13,578,774,288,0,2971,1425,13,13,13,50,-,2.4576ns,-,-,-,-,37,-,-
FCNT_B,1,8,4991,1,4463,528,0,0,7952,3906,1,1,1,0,0,3.1409ns,-,-,-,-,1,-,-
FCNT_B,1,1010101010,2406,10,622,1254,513,0,4114,1773,10,10,10,17,0,2.5971ns,-,-,-,-,10,-,-
FCNT_B,1,99999,2954,5,1237,1242,470,0,5008,2261,5,5,5,5,0,2.5659ns,-,-,-,-,5,-,-
FCNT_B,1,88888,3191,4,1639,1188,360,0,5229,2435,4,4,4,4,0,2.4459ns,-,-,-,-,4,-,-
FCNT_B,1,77777,3338,3,2041,1044,250,0,5420,2590,3,3,3,3,0,2.3659ns,-,-,-,-,3,-,-
FCNT_B,1,66666,3756,2,2649,930,177,0,6087,2953,2,2,2,0,0,3.3509ns,-,-,-,-,2,-,-
FCNT_B,1,55555,3756,2,2649,930,177,0,6087,2953,2,2,2,0,0,3.3509ns,-,-,-,-,2,-,-
FCNT_B,1,44444,4126,2,3051,930,145,0,6577,3196,2,2,2,0,0,3.3509ns,-,-,-,-,2,-,-
FCNT_B,1,33333,4881,2,3659,1110,112,0,7602,3715,2,2,2,0,0,3.2809ns,-,-,-,-,2,-,-
FCNT_B,1,22222,5123,2,4061,966,96,0,8076,3940,2,2,2,0,0,3.2109ns,-,-,-,-,2,-,-
FCNT_B,1,11111,4991,1,4463,528,0,0,7952,3906,1,1,1,0,0,3.1409ns,-,-,-,-,1,-,-
FCNT_B,1,10,2648,3,578,1626,419,0,3976,1829,3,3,3,25,0,2.7448ns,-,-,-,-,19,-,-
FCNT_B,1,1010101010,2648,3,578,1626,419,0,3976,1829,3,3,3,25,0,2.7448ns,-,-,-,-,19,-,-
FCNT_B,1,99999,2648,3,578,1626,419,0,3976,1829,3,3,3,25,0,2.7448ns,-,-,-,-,19,-,-
FCNT_B,1,88888,2648,3,578,1626,419,0,3976,1829,3,3,3,25,0,2.7448ns,-,-,-,-,19,-,-
FCNT_B,1,77777,2648,3,578,1626,419,0,3976,1829,3,3,3,25,0,2.7448ns,-,-,-,-,19,-,-
FCNT_B,1,66666,2648,3,578,1626,419,0,3976,1829,3,3,3,25,0,2.7448ns,-,-,-,-,19,-,-
FCNT_B,1,55555,2648,3,578,1626,419,0,3976,1829,3,3,3,25,0,2.7448ns,-,-,-,-,19,-,-
FCNT_B,1,44444,2648,3,578,1626,419,0,3976,1829,3,3,3,25,0,2.7448ns,-,-,-,-,19,-,-
FCNT_B,1,33333,2648,3,578,1626,419,0,3976,1829,3,3,3,25,0,2.7448ns,-,-,-,-,19,-,-
FCNT_B,1,22222,2648,3,578,1626,419,0,3976,1829,3,3,3,25,0,2.7448ns,-,-,-,-,19,-,-
FCNT_B,1,11111,2648,3,578,1626,419,0,3976,1829,3,3,3,25,0,2.7448ns,-,-,-,-,19,-,-
